amostra_id;skill;split;classe;arquivo;texto_sha256;tipo;sinal;indice_detector;trecho;rotulo;justificativa
dan-brown-aprovado-01;dan-brown;calibracao;aprovada;samples/dan-brown/aprovado-01.md;94b727a5d7bb4166de20ba3bd85ca79e43d241d183b96074c97747c6cb9fa92f;detectada;gnomico;1;"""'As pessoas dizem que eu esqueci.";legitima;SUBSTITUIR POR JUSTIFICATIVA HUMANA ESPECÍFICA
dan-brown-aprovado-01;dan-brown;calibracao;aprovada;samples/dan-brown/aprovado-01.md;94b727a5d7bb4166de20ba3bd85ca79e43d241d183b96074c97747c6cb9fa92f;detectada;gnomico;2;porque não confia que estará vivo para reportar a alguém;legitima;SUBSTITUIR POR JUSTIFICATIVA HUMANA ESPECÍFICA
dan-brown-aprovado-01;dan-brown;calibracao;aprovada;samples/dan-brown/aprovado-01.md;94b727a5d7bb4166de20ba3bd85ca79e43d241d183b96074c97747c6cb9fa92f;detectada;gnomico;3;porque era mentira;legitima;SUBSTITUIR POR JUSTIFICATIVA HUMANA ESPECÍFICA
dan-brown-aprovado-01;dan-brown;calibracao;aprovada;samples/dan-brown/aprovado-01.md;94b727a5d7bb4166de20ba3bd85ca79e43d241d183b96074c97747c6cb9fa92f;detectada;gnomico;4;"porque estava em japonês, e o cara traduziu."" Um clique";legitima;SUBSTITUIR POR JUSTIFICATIVA HUMANA ESPECÍFICA
dan-brown-aprovado-01;dan-brown;calibracao;aprovada;samples/dan-brown/aprovado-01.md;94b727a5d7bb4166de20ba3bd85ca79e43d241d183b96074c97747c6cb9fa92f;atestacao;gnomico;;;validado;SUBSTITUIR POR ATESTAÇÃO HUMANA DE REVISÃO INTEGRAL DESTE SINAL
dan-brown-aprovado-01;dan-brown;calibracao;aprovada;samples/dan-brown/aprovado-01.md;94b727a5d7bb4166de20ba3bd85ca79e43d241d183b96074c97747c6cb9fa92f;detectada;personificacao;1;Helena fica com o dedo suspenso sobre o segundo nome.;legitima;SUBSTITUIR POR JUSTIFICATIVA HUMANA ESPECÍFICA
dan-brown-aprovado-01;dan-brown;calibracao;aprovada;samples/dan-brown/aprovado-01.md;94b727a5d7bb4166de20ba3bd85ca79e43d241d183b96074c97747c6cb9fa92f;atestacao;personificacao;;;validado;SUBSTITUIR POR ATESTAÇÃO HUMANA DE REVISÃO INTEGRAL DESTE SINAL
dan-brown-aprovado-01;dan-brown;calibracao;aprovada;samples/dan-brown/aprovado-01.md;94b727a5d7bb4166de20ba3bd85ca79e43d241d183b96074c97747c6cb9fa92f;detectada;sanfona;1;Há um verão em Lisboa que ela não consegue datar, e ele pressiona a tampa por baixo, pela terceira vez em dois;legitima;SUBSTITUIR POR JUSTIFICATIVA HUMANA ESPECÍFICA
dan-brown-aprovado-01;dan-brown;calibracao;aprovada;samples/dan-brown/aprovado-01.md;94b727a5d7bb4166de20ba3bd85ca79e43d241d183b96074c97747c6cb9fa92f;detectada;sanfona;2;O homem que juntou o que quatro pessoas espalhadas por dois continentes, que nunca se falaram, não tinham como;legitima;SUBSTITUIR POR JUSTIFICATIVA HUMANA ESPECÍFICA
dan-brown-aprovado-01;dan-brown;calibracao;aprovada;samples/dan-brown/aprovado-01.md;94b727a5d7bb4166de20ba3bd85ca79e43d241d183b96074c97747c6cb9fa92f;detectada;sanfona;3;Olha a estrada vazia à frente, e não precisa de mais razão — cada minuto que ela fica aqui é um minuto que Sam;legitima;SUBSTITUIR POR JUSTIFICATIVA HUMANA ESPECÍFICA
dan-brown-aprovado-01;dan-brown;calibracao;aprovada;samples/dan-brown/aprovado-01.md;94b727a5d7bb4166de20ba3bd85ca79e43d241d183b96074c97747c6cb9fa92f;atestacao;sanfona;;;validado;SUBSTITUIR POR ATESTAÇÃO HUMANA DE REVISÃO INTEGRAL DESTE SINAL
dan-brown-aprovado-01;dan-brown;calibracao;aprovada;samples/dan-brown/aprovado-01.md;94b727a5d7bb4166de20ba3bd85ca79e43d241d183b96074c97747c6cb9fa92f;detectada;metafora_elaborada;1;Igual a minha vai. O pesquisador escreveu 'ela desenhou sem hesitar, como quem a;legitima;SUBSTITUIR POR JUSTIFICATIVA HUMANA ESPECÍFICA
dan-brown-aprovado-01;dan-brown;calibracao;aprovada;samples/dan-brown/aprovado-01.md;94b727a5d7bb4166de20ba3bd85ca79e43d241d183b96074c97747c6cb9fa92f;detectada;metafora_elaborada;2;"como quem assina o nome'."" Uma pausa longa. O contador marca dois minutos e dez";legitima;SUBSTITUIR POR JUSTIFICATIVA HUMANA ESPECÍFICA
dan-brown-aprovado-01;dan-brown;calibracao;aprovada;samples/dan-brown/aprovado-01.md;94b727a5d7bb4166de20ba3bd85ca79e43d241d183b96074c97747c6cb9fa92f;atestacao;metafora_elaborada;;;validado;SUBSTITUIR POR ATESTAÇÃO HUMANA DE REVISÃO INTEGRAL DESTE SINAL
dan-brown-aprovado-01;dan-brown;calibracao;aprovada;samples/dan-brown/aprovado-01.md;94b727a5d7bb4166de20ba3bd85ca79e43d241d183b96074c97747c6cb9fa92f;detectada;cadencia.fragmentos colados (≤4 palavras);1;Ela aperta o primeiro. PREPARACAO.;legitima;SUBSTITUIR POR JUSTIFICATIVA HUMANA ESPECÍFICA
dan-brown-aprovado-01;dan-brown;calibracao;aprovada;samples/dan-brown/aprovado-01.md;94b727a5d7bb4166de20ba3bd85ca79e43d241d183b96074c97747c6cb9fa92f;detectada;cadencia.fragmentos colados (≤4 palavras);2;Uma pausa. O roçar de papel.;legitima;SUBSTITUIR POR JUSTIFICATIVA HUMANA ESPECÍFICA
dan-brown-aprovado-01;dan-brown;calibracao;aprovada;samples/dan-brown/aprovado-01.md;94b727a5d7bb4166de20ba3bd85ca79e43d241d183b96074c97747c6cb9fa92f;detectada;cadencia.fragmentos colados (≤4 palavras);3;Danny descartou dois terços. Ela aperta o play.;legitima;SUBSTITUIR POR JUSTIFICATIVA HUMANA ESPECÍFICA
dan-brown-aprovado-01;dan-brown;calibracao;aprovada;samples/dan-brown/aprovado-01.md;94b727a5d7bb4166de20ba3bd85ca79e43d241d183b96074c97747c6cb9fa92f;detectada;cadencia.fragmentos colados (≤4 palavras);4;Um clique. O arquivo termina.;legitima;SUBSTITUIR POR JUSTIFICATIVA HUMANA ESPECÍFICA
dan-brown-aprovado-01;dan-brown;calibracao;aprovada;samples/dan-brown/aprovado-01.md;94b727a5d7bb4166de20ba3bd85ca79e43d241d183b96074c97747c6cb9fa92f;detectada;cadencia.fragmentos colados (≤4 palavras);5;Helena fecha os olhos. Ela tenta, mesmo assim.;legitima;SUBSTITUIR POR JUSTIFICATIVA HUMANA ESPECÍFICA
dan-brown-aprovado-01;dan-brown;calibracao;aprovada;samples/dan-brown/aprovado-01.md;94b727a5d7bb4166de20ba3bd85ca79e43d241d183b96074c97747c6cb9fa92f;detectada;cadencia.fragmentos colados (≤4 palavras);6;Não foi um acidente. Não foi negligência.;legitima;SUBSTITUIR POR JUSTIFICATIVA HUMANA ESPECÍFICA
dan-brown-aprovado-01;dan-brown;calibracao;aprovada;samples/dan-brown/aprovado-01.md;94b727a5d7bb4166de20ba3bd85ca79e43d241d183b96074c97747c6cb9fa92f;detectada;cadencia.fragmentos colados (≤4 palavras);7;Não foi negligência. É estrutural.;legitima;SUBSTITUIR POR JUSTIFICATIVA HUMANA ESPECÍFICA
dan-brown-aprovado-01;dan-brown;calibracao;aprovada;samples/dan-brown/aprovado-01.md;94b727a5d7bb4166de20ba3bd85ca79e43d241d183b96074c97747c6cb9fa92f;detectada;cadencia.fragmentos colados (≤4 palavras);8;Um clique. O arquivo termina.;legitima;SUBSTITUIR POR JUSTIFICATIVA HUMANA ESPECÍFICA
dan-brown-aprovado-01;dan-brown;calibracao;aprovada;samples/dan-brown/aprovado-01.md;94b727a5d7bb4166de20ba3bd85ca79e43d241d183b96074c97747c6cb9fa92f;detectada;cadencia.fragmentos colados (≤4 palavras);9;O arquivo termina. O contador congela.;legitima;SUBSTITUIR POR JUSTIFICATIVA HUMANA ESPECÍFICA
dan-brown-aprovado-01;dan-brown;calibracao;aprovada;samples/dan-brown/aprovado-01.md;94b727a5d7bb4166de20ba3bd85ca79e43d241d183b96074c97747c6cb9fa92f;atestacao;cadencia.fragmentos colados (≤4 palavras);;;validado;SUBSTITUIR POR ATESTAÇÃO HUMANA DE REVISÃO INTEGRAL DESTE SINAL
dan-brown-aprovado-01;dan-brown;calibracao;aprovada;samples/dan-brown/aprovado-01.md;94b727a5d7bb4166de20ba3bd85ca79e43d241d183b96074c97747c6cb9fa92f;atestacao;cadencia.staccato (frases curtas);;;validado;SUBSTITUIR POR ATESTAÇÃO HUMANA DE REVISÃO INTEGRAL DESTE SINAL
dan-brown-aprovado-01;dan-brown;calibracao;aprovada;samples/dan-brown/aprovado-01.md;94b727a5d7bb4166de20ba3bd85ca79e43d241d183b96074c97747c6cb9fa92f;detectada;cadencia.clipe de negação curto;1;Não há porta.;legitima;SUBSTITUIR POR JUSTIFICATIVA HUMANA ESPECÍFICA
dan-brown-aprovado-01;dan-brown;calibracao;aprovada;samples/dan-brown/aprovado-01.md;94b727a5d7bb4166de20ba3bd85ca79e43d241d183b96074c97747c6cb9fa92f;detectada;cadencia.clipe de negação curto;2;Não foi negligência.;legitima;SUBSTITUIR POR JUSTIFICATIVA HUMANA ESPECÍFICA
dan-brown-aprovado-01;dan-brown;calibracao;aprovada;samples/dan-brown/aprovado-01.md;94b727a5d7bb4166de20ba3bd85ca79e43d241d183b96074c97747c6cb9fa92f;atestacao;cadencia.clipe de negação curto;;;validado;SUBSTITUIR POR ATESTAÇÃO HUMANA DE REVISÃO INTEGRAL DESTE SINAL
dan-brown-aprovado-01;dan-brown;calibracao;aprovada;samples/dan-brown/aprovado-01.md;94b727a5d7bb4166de20ba3bd85ca79e43d241d183b96074c97747c6cb9fa92f;detectada;cadencia.anáfora (frases coladas, mesmo início);1;Custa. / Custa mais do que custava.;legitima;SUBSTITUIR POR JUSTIFICATIVA HUMANA ESPECÍFICA
dan-brown-aprovado-01;dan-brown;calibracao;aprovada;samples/dan-brown/aprovado-01.md;94b727a5d7bb4166de20ba3bd85ca79e43d241d183b96074c97747c6cb9fa92f;detectada;cadencia.anáfora (frases coladas, mesmo início);2;Não foi um acidente. / Não foi negligência.;legitima;SUBSTITUIR POR JUSTIFICATIVA HUMANA ESPECÍFICA
dan-brown-aprovado-01;dan-brown;calibracao;aprovada;samples/dan-brown/aprovado-01.md;94b727a5d7bb4166de20ba3bd85ca79e43d241d183b96074c97747c6cb9fa92f;atestacao;cadencia.anáfora (frases coladas, mesmo início);;;validado;SUBSTITUIR POR ATESTAÇÃO HUMANA DE REVISÃO INTEGRAL DESTE SINAL
dan-brown-aprovado-01;dan-brown;calibracao;aprovada;samples/dan-brown/aprovado-01.md;94b727a5d7bb4166de20ba3bd85ca79e43d241d183b96074c97747c6cb9fa92f;atestacao;cadencia.epigrama antitético;;;validado;SUBSTITUIR POR ATESTAÇÃO HUMANA DE REVISÃO INTEGRAL DESTE SINAL
dan-brown-aprovado-01;dan-brown;calibracao;aprovada;samples/dan-brown/aprovado-01.md;94b727a5d7bb4166de20ba3bd85ca79e43d241d183b96074c97747c6cb9fa92f;detectada;cadencia.fragmento de ênfase (Regra 4 ≤1–2);1;PREPARACAO.;legitima;SUBSTITUIR POR JUSTIFICATIVA HUMANA ESPECÍFICA
dan-brown-aprovado-01;dan-brown;calibracao;aprovada;samples/dan-brown/aprovado-01.md;94b727a5d7bb4166de20ba3bd85ca79e43d241d183b96074c97747c6cb9fa92f;detectada;cadencia.fragmento de ênfase (Regra 4 ≤1–2);2;Uma pausa.;legitima;SUBSTITUIR POR JUSTIFICATIVA HUMANA ESPECÍFICA
dan-brown-aprovado-01;dan-brown;calibracao;aprovada;samples/dan-brown/aprovado-01.md;94b727a5d7bb4166de20ba3bd85ca79e43d241d183b96074c97747c6cb9fa92f;detectada;cadencia.fragmento de ênfase (Regra 4 ≤1–2);3;Um clique.;legitima;SUBSTITUIR POR JUSTIFICATIVA HUMANA ESPECÍFICA
dan-brown-aprovado-01;dan-brown;calibracao;aprovada;samples/dan-brown/aprovado-01.md;94b727a5d7bb4166de20ba3bd85ca79e43d241d183b96074c97747c6cb9fa92f;detectada;cadencia.fragmento de ênfase (Regra 4 ≤1–2);4;Está lendo.;legitima;SUBSTITUIR POR JUSTIFICATIVA HUMANA ESPECÍFICA
dan-brown-aprovado-01;dan-brown;calibracao;aprovada;samples/dan-brown/aprovado-01.md;94b727a5d7bb4166de20ba3bd85ca79e43d241d183b96074c97747c6cb9fa92f;detectada;cadencia.fragmento de ênfase (Regra 4 ≤1–2);5;Papel.;legitima;SUBSTITUIR POR JUSTIFICATIVA HUMANA ESPECÍFICA
dan-brown-aprovado-01;dan-brown;calibracao;aprovada;samples/dan-brown/aprovado-01.md;94b727a5d7bb4166de20ba3bd85ca79e43d241d183b96074c97747c6cb9fa92f;detectada;cadencia.fragmento de ênfase (Regra 4 ≤1–2);6;Custa.;legitima;SUBSTITUIR POR JUSTIFICATIVA HUMANA ESPECÍFICA
dan-brown-aprovado-01;dan-brown;calibracao;aprovada;samples/dan-brown/aprovado-01.md;94b727a5d7bb4166de20ba3bd85ca79e43d241d183b96074c97747c6cb9fa92f;detectada;cadencia.fragmento de ênfase (Regra 4 ≤1–2);7;Não há porta.;legitima;SUBSTITUIR POR JUSTIFICATIVA HUMANA ESPECÍFICA
dan-brown-aprovado-01;dan-brown;calibracao;aprovada;samples/dan-brown/aprovado-01.md;94b727a5d7bb4166de20ba3bd85ca79e43d241d183b96074c97747c6cb9fa92f;detectada;cadencia.fragmento de ênfase (Regra 4 ≤1–2);8;Não foi negligência.;legitima;SUBSTITUIR POR JUSTIFICATIVA HUMANA ESPECÍFICA
dan-brown-aprovado-01;dan-brown;calibracao;aprovada;samples/dan-brown/aprovado-01.md;94b727a5d7bb4166de20ba3bd85ca79e43d241d183b96074c97747c6cb9fa92f;detectada;cadencia.fragmento de ênfase (Regra 4 ≤1–2);9;É estrutural.;legitima;SUBSTITUIR POR JUSTIFICATIVA HUMANA ESPECÍFICA
dan-brown-aprovado-01;dan-brown;calibracao;aprovada;samples/dan-brown/aprovado-01.md;94b727a5d7bb4166de20ba3bd85ca79e43d241d183b96074c97747c6cb9fa92f;detectada;cadencia.fragmento de ênfase (Regra 4 ≤1–2);10;Uma pausa.;legitima;SUBSTITUIR POR JUSTIFICATIVA HUMANA ESPECÍFICA
dan-brown-aprovado-01;dan-brown;calibracao;aprovada;samples/dan-brown/aprovado-01.md;94b727a5d7bb4166de20ba3bd85ca79e43d241d183b96074c97747c6cb9fa92f;detectada;cadencia.fragmento de ênfase (Regra 4 ≤1–2);11;Ainda não.;legitima;SUBSTITUIR POR JUSTIFICATIVA HUMANA ESPECÍFICA
dan-brown-aprovado-01;dan-brown;calibracao;aprovada;samples/dan-brown/aprovado-01.md;94b727a5d7bb4166de20ba3bd85ca79e43d241d183b96074c97747c6cb9fa92f;detectada;cadencia.fragmento de ênfase (Regra 4 ≤1–2);12;Um clique.;legitima;SUBSTITUIR POR JUSTIFICATIVA HUMANA ESPECÍFICA
dan-brown-aprovado-01;dan-brown;calibracao;aprovada;samples/dan-brown/aprovado-01.md;94b727a5d7bb4166de20ba3bd85ca79e43d241d183b96074c97747c6cb9fa92f;detectada;cadencia.fragmento de ênfase (Regra 4 ≤1–2);13;Sam Reyes.;legitima;SUBSTITUIR POR JUSTIFICATIVA HUMANA ESPECÍFICA
dan-brown-aprovado-01;dan-brown;calibracao;aprovada;samples/dan-brown/aprovado-01.md;94b727a5d7bb4166de20ba3bd85ca79e43d241d183b96074c97747c6cb9fa92f;atestacao;cadencia.fragmento de ênfase (Regra 4 ≤1–2);;;validado;SUBSTITUIR POR ATESTAÇÃO HUMANA DE REVISÃO INTEGRAL DESTE SINAL
dan-brown-aprovado-01;dan-brown;calibracao;aprovada;samples/dan-brown/aprovado-01.md;94b727a5d7bb4166de20ba3bd85ca79e43d241d183b96074c97747c6cb9fa92f;atestacao;cadencia.fragmentos de ênfase COLADOS (Regra 4: nunca dois);;;validado;SUBSTITUIR POR ATESTAÇÃO HUMANA DE REVISÃO INTEGRAL DESTE SINAL
dan-brown-aprovado-01;dan-brown;calibracao;aprovada;samples/dan-brown/aprovado-01.md;94b727a5d7bb4166de20ba3bd85ca79e43d241d183b96074c97747c6cb9fa92f;detectada;cadencia.pensamento em itálico (Regra 4 ≤2–3);1;seam;legitima;SUBSTITUIR POR JUSTIFICATIVA HUMANA ESPECÍFICA
dan-brown-aprovado-01;dan-brown;calibracao;aprovada;samples/dan-brown/aprovado-01.md;94b727a5d7bb4166de20ba3bd85ca79e43d241d183b96074c97747c6cb9fa92f;atestacao;cadencia.pensamento em itálico (Regra 4 ≤2–3);;;validado;SUBSTITUIR POR ATESTAÇÃO HUMANA DE REVISÃO INTEGRAL DESTE SINAL
dan-brown-aprovado-01;dan-brown;calibracao;aprovada;samples/dan-brown/aprovado-01.md;94b727a5d7bb4166de20ba3bd85ca79e43d241d183b96074c97747c6cb9fa92f;detectada;cadencia.pergunta retórica (Regra 4 ≤1–2);1;Aplica à mulher japonesa o mesmo teste que aplicou a Halsey, a Danny, a Merrill: existe vetor?;legitima;SUBSTITUIR POR JUSTIFICATIVA HUMANA ESPECÍFICA
dan-brown-aprovado-01;dan-brown;calibracao;aprovada;samples/dan-brown/aprovado-01.md;94b727a5d7bb4166de20ba3bd85ca79e43d241d183b96074c97747c6cb9fa92f;atestacao;cadencia.pergunta retórica (Regra 4 ≤1–2);;;validado;SUBSTITUIR POR ATESTAÇÃO HUMANA DE REVISÃO INTEGRAL DESTE SINAL
dan-brown-aprovado-02;dan-brown;calibracao;aprovada;samples/dan-brown/aprovado-02.md;35f506e057fc20f41fcffd23c78d3828af3d602de78a86e0b3d06a10685c010f;detectada;gnomico;1;Um operador que retém material não é um operador.;legitima;SUBSTITUIR POR JUSTIFICATIVA HUMANA ESPECÍFICA
dan-brown-aprovado-02;dan-brown;calibracao;aprovada;samples/dan-brown/aprovado-02.md;35f506e057fc20f41fcffd23c78d3828af3d602de78a86e0b3d06a10685c010f;atestacao;gnomico;;;validado;SUBSTITUIR POR ATESTAÇÃO HUMANA DE REVISÃO INTEGRAL DESTE SINAL
dan-brown-aprovado-02;dan-brown;calibracao;aprovada;samples/dan-brown/aprovado-02.md;35f506e057fc20f41fcffd23c78d3828af3d602de78a86e0b3d06a10685c010f;detectada;personificacao;1;Era o que o chamavam quando precisavam chamá-lo de algo — o operador que catalogava, o que fazia a l;legitima;SUBSTITUIR POR JUSTIFICATIVA HUMANA ESPECÍFICA
dan-brown-aprovado-02;dan-brown;calibracao;aprovada;samples/dan-brown/aprovado-02.md;35f506e057fc20f41fcffd23c78d3828af3d602de78a86e0b3d06a10685c010f;detectada;personificacao;2;Faltava só a mão que fechasse o arquivo.;legitima;SUBSTITUIR POR JUSTIFICATIVA HUMANA ESPECÍFICA
dan-brown-aprovado-02;dan-brown;calibracao;aprovada;samples/dan-brown/aprovado-02.md;35f506e057fc20f41fcffd23c78d3828af3d602de78a86e0b3d06a10685c010f;detectada;personificacao;3;Faltava só a mão que fechasse o arquivo.;legitima;SUBSTITUIR POR JUSTIFICATIVA HUMANA ESPECÍFICA
dan-brown-aprovado-02;dan-brown;calibracao;aprovada;samples/dan-brown/aprovado-02.md;35f506e057fc20f41fcffd23c78d3828af3d602de78a86e0b3d06a10685c010f;atestacao;personificacao;;;validado;SUBSTITUIR POR ATESTAÇÃO HUMANA DE REVISÃO INTEGRAL DESTE SINAL
dan-brown-aprovado-02;dan-brown;calibracao;aprovada;samples/dan-brown/aprovado-02.md;35f506e057fc20f41fcffd23c78d3828af3d602de78a86e0b3d06a10685c010f;detectada;sanfona;1;E, no campo do assunto, onde deveria haver o nome de um velho de Woodbridge ou de uma viúva que ele riscaria n;legitima;SUBSTITUIR POR JUSTIFICATIVA HUMANA ESPECÍFICA
dan-brown-aprovado-02;dan-brown;calibracao;aprovada;samples/dan-brown/aprovado-02.md;35f506e057fc20f41fcffd23c78d3828af3d602de78a86e0b3d06a10685c010f;detectada;sanfona;2;E agora estava no campo do objeto, com uma causa provável já redigida embaixo, e uma hora de recolhimento que ;legitima;SUBSTITUIR POR JUSTIFICATIVA HUMANA ESPECÍFICA
dan-brown-aprovado-02;dan-brown;calibracao;aprovada;samples/dan-brown/aprovado-02.md;35f506e057fc20f41fcffd23c78d3828af3d602de78a86e0b3d06a10685c010f;detectada;sanfona;3;Reyland avaliava Cole como avaliava qualquer peça do aparato — pelo desempenho, não pelo apego — e trocava peç;legitima;SUBSTITUIR POR JUSTIFICATIVA HUMANA ESPECÍFICA
dan-brown-aprovado-02;dan-brown;calibracao;aprovada;samples/dan-brown/aprovado-02.md;35f506e057fc20f41fcffd23c78d3828af3d602de78a86e0b3d06a10685c010f;detectada;sanfona;4;Esticou o braço até o compartimento atrás do porta-luvas, o que ele mesmo forrara de feltro para o metal não t;legitima;SUBSTITUIR POR JUSTIFICATIVA HUMANA ESPECÍFICA
dan-brown-aprovado-02;dan-brown;calibracao;aprovada;samples/dan-brown/aprovado-02.md;35f506e057fc20f41fcffd23c78d3828af3d602de78a86e0b3d06a10685c010f;detectada;sanfona;5;Ele o guardara porque os ponteiros não tinham como mentir, e agora entendia, com o telefone frio no colo, o qu;legitima;SUBSTITUIR POR JUSTIFICATIVA HUMANA ESPECÍFICA
dan-brown-aprovado-02;dan-brown;calibracao;aprovada;samples/dan-brown/aprovado-02.md;35f506e057fc20f41fcffd23c78d3828af3d602de78a86e0b3d06a10685c010f;detectada;sanfona;6;Esticou o braço até o compartimento atrás do porta-luvas, o que ele mesmo forrara de feltro para o metal não t;legitima;SUBSTITUIR POR JUSTIFICATIVA HUMANA ESPECÍFICA
dan-brown-aprovado-02;dan-brown;calibracao;aprovada;samples/dan-brown/aprovado-02.md;35f506e057fc20f41fcffd23c78d3828af3d602de78a86e0b3d06a10685c010f;detectada;sanfona;7;Ele o guardara porque os ponteiros não tinham como mentir, e agora entendia, com o telefone frio no colo, o qu;legitima;SUBSTITUIR POR JUSTIFICATIVA HUMANA ESPECÍFICA
dan-brown-aprovado-02;dan-brown;calibracao;aprovada;samples/dan-brown/aprovado-02.md;35f506e057fc20f41fcffd23c78d3828af3d602de78a86e0b3d06a10685c010f;atestacao;sanfona;;;validado;SUBSTITUIR POR ATESTAÇÃO HUMANA DE REVISÃO INTEGRAL DESTE SINAL
dan-brown-aprovado-02;dan-brown;calibracao;aprovada;samples/dan-brown/aprovado-02.md;35f506e057fc20f41fcffd23c78d3828af3d602de78a86e0b3d06a10685c010f;detectada;metafora_elaborada;1;como sempre apontou. E a causa provável estava no molde que ele mesmo aprendera;legitima;SUBSTITUIR POR JUSTIFICATIVA HUMANA ESPECÍFICA
dan-brown-aprovado-02;dan-brown;calibracao;aprovada;samples/dan-brown/aprovado-02.md;35f506e057fc20f41fcffd23c78d3828af3d602de78a86e0b3d06a10685c010f;detectada;metafora_elaborada;2;como quem carrega perguntas que tem medo de responder. O método que ele decorara;legitima;SUBSTITUIR POR JUSTIFICATIVA HUMANA ESPECÍFICA
dan-brown-aprovado-02;dan-brown;calibracao;aprovada;samples/dan-brown/aprovado-02.md;35f506e057fc20f41fcffd23c78d3828af3d602de78a86e0b3d06a10685c010f;atestacao;metafora_elaborada;;;validado;SUBSTITUIR POR ATESTAÇÃO HUMANA DE REVISÃO INTEGRAL DESTE SINAL
dan-brown-aprovado-02;dan-brown;calibracao;aprovada;samples/dan-brown/aprovado-02.md;35f506e057fc20f41fcffd23c78d3828af3d602de78a86e0b3d06a10685c010f;detectada;cadencia.fragmentos colados (≤4 palavras);1;O rascunho estava lá. Formato conhecido, campos conhecidos.;legitima;SUBSTITUIR POR JUSTIFICATIVA HUMANA ESPECÍFICA
dan-brown-aprovado-02;dan-brown;calibracao;aprovada;samples/dan-brown/aprovado-02.md;35f506e057fc20f41fcffd23c78d3828af3d602de78a86e0b3d06a10685c010f;detectada;cadencia.fragmentos colados (≤4 palavras);2;Formato conhecido, campos conhecidos. Recolhimento agendado.;legitima;SUBSTITUIR POR JUSTIFICATIVA HUMANA ESPECÍFICA
dan-brown-aprovado-02;dan-brown;calibracao;aprovada;samples/dan-brown/aprovado-02.md;35f506e057fc20f41fcffd23c78d3828af3d602de78a86e0b3d06a10685c010f;detectada;cadencia.fragmentos colados (≤4 palavras);3;*Curador.* Cole leu de novo.;legitima;SUBSTITUIR POR JUSTIFICATIVA HUMANA ESPECÍFICA
dan-brown-aprovado-02;dan-brown;calibracao;aprovada;samples/dan-brown/aprovado-02.md;35f506e057fc20f41fcffd23c78d3828af3d602de78a86e0b3d06a10685c010f;detectada;cadencia.fragmentos colados (≤4 palavras);4;Cole leu de novo. A palavra não mudou.;legitima;SUBSTITUIR POR JUSTIFICATIVA HUMANA ESPECÍFICA
dan-brown-aprovado-02;dan-brown;calibracao;aprovada;samples/dan-brown/aprovado-02.md;35f506e057fc20f41fcffd23c78d3828af3d602de78a86e0b3d06a10685c010f;detectada;cadencia.fragmentos colados (≤4 palavras);5;Fuga estava fechada. Moeda, também.;legitima;SUBSTITUIR POR JUSTIFICATIVA HUMANA ESPECÍFICA
dan-brown-aprovado-02;dan-brown;calibracao;aprovada;samples/dan-brown/aprovado-02.md;35f506e057fc20f41fcffd23c78d3828af3d602de78a86e0b3d06a10685c010f;atestacao;cadencia.fragmentos colados (≤4 palavras);;;validado;SUBSTITUIR POR ATESTAÇÃO HUMANA DE REVISÃO INTEGRAL DESTE SINAL
dan-brown-aprovado-02;dan-brown;calibracao;aprovada;samples/dan-brown/aprovado-02.md;35f506e057fc20f41fcffd23c78d3828af3d602de78a86e0b3d06a10685c010f;atestacao;cadencia.staccato (frases curtas);;;validado;SUBSTITUIR POR ATESTAÇÃO HUMANA DE REVISÃO INTEGRAL DESTE SINAL
dan-brown-aprovado-02;dan-brown;calibracao;aprovada;samples/dan-brown/aprovado-02.md;35f506e057fc20f41fcffd23c78d3828af3d602de78a86e0b3d06a10685c010f;atestacao;cadencia.clipe de negação curto;;;validado;SUBSTITUIR POR ATESTAÇÃO HUMANA DE REVISÃO INTEGRAL DESTE SINAL
dan-brown-aprovado-02;dan-brown;calibracao;aprovada;samples/dan-brown/aprovado-02.md;35f506e057fc20f41fcffd23c78d3828af3d602de78a86e0b3d06a10685c010f;detectada;cadencia.anáfora (frases coladas, mesmo início);1;Ele conhecia o lugar: sem vizinho para anotar placa, câmera do posto apagando a fita toda semana. / Ele escolh;legitima;SUBSTITUIR POR JUSTIFICATIVA HUMANA ESPECÍFICA
dan-brown-aprovado-02;dan-brown;calibracao;aprovada;samples/dan-brown/aprovado-02.md;35f506e057fc20f41fcffd23c78d3828af3d602de78a86e0b3d06a10685c010f;detectada;cadencia.anáfora (frases coladas, mesmo início);2;Ele carregara aquelas duas folhas meses a fio sem abri-las — até agora. / Ele sempre soubera que abrir aquelas;legitima;SUBSTITUIR POR JUSTIFICATIVA HUMANA ESPECÍFICA
dan-brown-aprovado-02;dan-brown;calibracao;aprovada;samples/dan-brown/aprovado-02.md;35f506e057fc20f41fcffd23c78d3828af3d602de78a86e0b3d06a10685c010f;atestacao;cadencia.anáfora (frases coladas, mesmo início);;;validado;SUBSTITUIR POR ATESTAÇÃO HUMANA DE REVISÃO INTEGRAL DESTE SINAL
dan-brown-aprovado-02;dan-brown;calibracao;aprovada;samples/dan-brown/aprovado-02.md;35f506e057fc20f41fcffd23c78d3828af3d602de78a86e0b3d06a10685c010f;atestacao;cadencia.epigrama antitético;;;validado;SUBSTITUIR POR ATESTAÇÃO HUMANA DE REVISÃO INTEGRAL DESTE SINAL
dan-brown-aprovado-02;dan-brown;calibracao;aprovada;samples/dan-brown/aprovado-02.md;35f506e057fc20f41fcffd23c78d3828af3d602de78a86e0b3d06a10685c010f;detectada;cadencia.fragmento de ênfase (Regra 4 ≤1–2);1;Recolhimento agendado.;legitima;SUBSTITUIR POR JUSTIFICATIVA HUMANA ESPECÍFICA
dan-brown-aprovado-02;dan-brown;calibracao;aprovada;samples/dan-brown/aprovado-02.md;35f506e057fc20f41fcffd23c78d3828af3d602de78a86e0b3d06a10685c010f;detectada;cadencia.fragmento de ênfase (Regra 4 ≤1–2);2;*Curador.*;legitima;SUBSTITUIR POR JUSTIFICATIVA HUMANA ESPECÍFICA
dan-brown-aprovado-02;dan-brown;calibracao;aprovada;samples/dan-brown/aprovado-02.md;35f506e057fc20f41fcffd23c78d3828af3d602de78a86e0b3d06a10685c010f;detectada;cadencia.fragmento de ênfase (Regra 4 ≤1–2);3;Fuga.;legitima;SUBSTITUIR POR JUSTIFICATIVA HUMANA ESPECÍFICA
dan-brown-aprovado-02;dan-brown;calibracao;aprovada;samples/dan-brown/aprovado-02.md;35f506e057fc20f41fcffd23c78d3828af3d602de78a86e0b3d06a10685c010f;detectada;cadencia.fragmento de ênfase (Regra 4 ≤1–2);4;Fuga.;legitima;SUBSTITUIR POR JUSTIFICATIVA HUMANA ESPECÍFICA
dan-brown-aprovado-02;dan-brown;calibracao;aprovada;samples/dan-brown/aprovado-02.md;35f506e057fc20f41fcffd23c78d3828af3d602de78a86e0b3d06a10685c010f;detectada;cadencia.fragmento de ênfase (Regra 4 ≤1–2);5;A médica.;legitima;SUBSTITUIR POR JUSTIFICATIVA HUMANA ESPECÍFICA
dan-brown-aprovado-02;dan-brown;calibracao;aprovada;samples/dan-brown/aprovado-02.md;35f506e057fc20f41fcffd23c78d3828af3d602de78a86e0b3d06a10685c010f;detectada;cadencia.fragmento de ênfase (Regra 4 ≤1–2);6;Moeda, também.;legitima;SUBSTITUIR POR JUSTIFICATIVA HUMANA ESPECÍFICA
dan-brown-aprovado-02;dan-brown;calibracao;aprovada;samples/dan-brown/aprovado-02.md;35f506e057fc20f41fcffd23c78d3828af3d602de78a86e0b3d06a10685c010f;atestacao;cadencia.fragmento de ênfase (Regra 4 ≤1–2);;;validado;SUBSTITUIR POR ATESTAÇÃO HUMANA DE REVISÃO INTEGRAL DESTE SINAL
dan-brown-aprovado-02;dan-brown;calibracao;aprovada;samples/dan-brown/aprovado-02.md;35f506e057fc20f41fcffd23c78d3828af3d602de78a86e0b3d06a10685c010f;atestacao;cadencia.fragmentos de ênfase COLADOS (Regra 4: nunca dois);;;validado;SUBSTITUIR POR ATESTAÇÃO HUMANA DE REVISÃO INTEGRAL DESTE SINAL
dan-brown-aprovado-02;dan-brown;calibracao;aprovada;samples/dan-brown/aprovado-02.md;35f506e057fc20f41fcffd23c78d3828af3d602de78a86e0b3d06a10685c010f;detectada;cadencia.pensamento em itálico (Regra 4 ≤2–3);1;Curador.;legitima;SUBSTITUIR POR JUSTIFICATIVA HUMANA ESPECÍFICA
dan-brown-aprovado-02;dan-brown;calibracao;aprovada;samples/dan-brown/aprovado-02.md;35f506e057fc20f41fcffd23c78d3828af3d602de78a86e0b3d06a10685c010f;detectada;cadencia.pensamento em itálico (Regra 4 ≤2–3);2;variável;legitima;SUBSTITUIR POR JUSTIFICATIVA HUMANA ESPECÍFICA
dan-brown-aprovado-02;dan-brown;calibracao;aprovada;samples/dan-brown/aprovado-02.md;35f506e057fc20f41fcffd23c78d3828af3d602de78a86e0b3d06a10685c010f;atestacao;cadencia.pensamento em itálico (Regra 4 ≤2–3);;;validado;SUBSTITUIR POR ATESTAÇÃO HUMANA DE REVISÃO INTEGRAL DESTE SINAL
dan-brown-aprovado-02;dan-brown;calibracao;aprovada;samples/dan-brown/aprovado-02.md;35f506e057fc20f41fcffd23c78d3828af3d602de78a86e0b3d06a10685c010f;atestacao;cadencia.pergunta retórica (Regra 4 ≤1–2);;;validado;SUBSTITUIR POR ATESTAÇÃO HUMANA DE REVISÃO INTEGRAL DESTE SINAL
dan-brown-aprovado-03;dan-brown;holdout;aprovada;samples/dan-brown/aprovado-03.md;f556d452820e36524438e6e6ab2ee1a0989a22a8d1052af77a45aead8ac3751a;detectada;gnomico;1;porque a pessoa a quem ela correria era a linha;legitima;SUBSTITUIR POR JUSTIFICATIVA HUMANA ESPECÍFICA
dan-brown-aprovado-03;dan-brown;holdout;aprovada;samples/dan-brown/aprovado-03.md;f556d452820e36524438e6e6ab2ee1a0989a22a8d1052af77a45aead8ac3751a;atestacao;gnomico;;;validado;SUBSTITUIR POR ATESTAÇÃO HUMANA DE REVISÃO INTEGRAL DESTE SINAL
dan-brown-aprovado-03;dan-brown;holdout;aprovada;samples/dan-brown/aprovado-03.md;f556d452820e36524438e6e6ab2ee1a0989a22a8d1052af77a45aead8ac3751a;detectada;personificacao;1;Os sete que Sam catalogara e os três que só o programa contava.;legitima;SUBSTITUIR POR JUSTIFICATIVA HUMANA ESPECÍFICA
dan-brown-aprovado-03;dan-brown;holdout;aprovada;samples/dan-brown/aprovado-03.md;f556d452820e36524438e6e6ab2ee1a0989a22a8d1052af77a45aead8ac3751a;detectada;personificacao;2;Fora a checagem de que o ativo continuava de pé, de que a peça seguia no lugar, de que nada se mover;legitima;SUBSTITUIR POR JUSTIFICATIVA HUMANA ESPECÍFICA
dan-brown-aprovado-03;dan-brown;holdout;aprovada;samples/dan-brown/aprovado-03.md;f556d452820e36524438e6e6ab2ee1a0989a22a8d1052af77a45aead8ac3751a;atestacao;personificacao;;;validado;SUBSTITUIR POR ATESTAÇÃO HUMANA DE REVISÃO INTEGRAL DESTE SINAL
dan-brown-aprovado-03;dan-brown;holdout;aprovada;samples/dan-brown/aprovado-03.md;f556d452820e36524438e6e6ab2ee1a0989a22a8d1052af77a45aead8ac3751a;detectada;sanfona;1;A lâmpada única do teto puxava para o papel uma luz de sala de necrotério, plana, sem sombra que ajudasse a es;legitima;SUBSTITUIR POR JUSTIFICATIVA HUMANA ESPECÍFICA
dan-brown-aprovado-03;dan-brown;holdout;aprovada;samples/dan-brown/aprovado-03.md;f556d452820e36524438e6e6ab2ee1a0989a22a8d1052af77a45aead8ac3751a;detectada;sanfona;2;Helena levantou-se, a cadeira raspando o piso, e puxou da fileira a folha de três anos atrás — uma separata qu;legitima;SUBSTITUIR POR JUSTIFICATIVA HUMANA ESPECÍFICA
dan-brown-aprovado-03;dan-brown;holdout;aprovada;samples/dan-brown/aprovado-03.md;f556d452820e36524438e6e6ab2ee1a0989a22a8d1052af77a45aead8ac3751a;detectada;sanfona;3;Toda vez que Eleanor estendera a mão, havia, a poucas semanas dali, uma vaga que se abrira no tabuleiro.;legitima;SUBSTITUIR POR JUSTIFICATIVA HUMANA ESPECÍFICA
dan-brown-aprovado-03;dan-brown;holdout;aprovada;samples/dan-brown/aprovado-03.md;f556d452820e36524438e6e6ab2ee1a0989a22a8d1052af77a45aead8ac3751a;detectada;sanfona;4;Numa carreira comum, Eleanor era uma orientadora distante e ocupada: três e-mails anuais, um café num congress;legitima;SUBSTITUIR POR JUSTIFICATIVA HUMANA ESPECÍFICA
dan-brown-aprovado-03;dan-brown;holdout;aprovada;samples/dan-brown/aprovado-03.md;f556d452820e36524438e6e6ab2ee1a0989a22a8d1052af77a45aead8ac3751a;detectada;sanfona;5;Havia meses em que chegavam quatro, cinco mensagens em três semanas — uma pergunta sobre um estudo, um convite;legitima;SUBSTITUIR POR JUSTIFICATIVA HUMANA ESPECÍFICA
dan-brown-aprovado-03;dan-brown;holdout;aprovada;samples/dan-brown/aprovado-03.md;f556d452820e36524438e6e6ab2ee1a0989a22a8d1052af77a45aead8ac3751a;detectada;sanfona;6;Restava-lhe um nome que nunca dissera em voz alta a ninguém — o nome que Sam Reyes circulara meses antes, num ;legitima;SUBSTITUIR POR JUSTIFICATIVA HUMANA ESPECÍFICA
dan-brown-aprovado-03;dan-brown;holdout;aprovada;samples/dan-brown/aprovado-03.md;f556d452820e36524438e6e6ab2ee1a0989a22a8d1052af77a45aead8ac3751a;detectada;sanfona;7;Agora abriu o rascunho compartilhado que ele lhe deixara — a caixa que ninguém envia e ninguém recebe — e escr;legitima;SUBSTITUIR POR JUSTIFICATIVA HUMANA ESPECÍFICA
dan-brown-aprovado-03;dan-brown;holdout;aprovada;samples/dan-brown/aprovado-03.md;f556d452820e36524438e6e6ab2ee1a0989a22a8d1052af77a45aead8ac3751a;detectada;sanfona;8;"Nela, sobre um assunto acadêmico que hoje parecia de outra vida, Eleanor escrevera, com a mesma mão: ""não leve";legitima;SUBSTITUIR POR JUSTIFICATIVA HUMANA ESPECÍFICA
dan-brown-aprovado-03;dan-brown;holdout;aprovada;samples/dan-brown/aprovado-03.md;f556d452820e36524438e6e6ab2ee1a0989a22a8d1052af77a45aead8ac3751a;detectada;sanfona;9;"Dissera ""via discreta"", e Eleanor viera com o nome inteiro, o cargo implícito, a única pessoa em toda Washingt";legitima;SUBSTITUIR POR JUSTIFICATIVA HUMANA ESPECÍFICA
dan-brown-aprovado-03;dan-brown;holdout;aprovada;samples/dan-brown/aprovado-03.md;f556d452820e36524438e6e6ab2ee1a0989a22a8d1052af77a45aead8ac3751a;detectada;sanfona;10;*Sempre foi.* Helena fechou os olhos, e por trás da voz que ainda falava — que agora explicava, gentil, por qu;legitima;SUBSTITUIR POR JUSTIFICATIVA HUMANA ESPECÍFICA
dan-brown-aprovado-03;dan-brown;holdout;aprovada;samples/dan-brown/aprovado-03.md;f556d452820e36524438e6e6ab2ee1a0989a22a8d1052af77a45aead8ac3751a;detectada;sanfona;11;Fora a checagem de que o ativo continuava de pé, de que a peça seguia no lugar, de que nada se movera no tabul;legitima;SUBSTITUIR POR JUSTIFICATIVA HUMANA ESPECÍFICA
dan-brown-aprovado-03;dan-brown;holdout;aprovada;samples/dan-brown/aprovado-03.md;f556d452820e36524438e6e6ab2ee1a0989a22a8d1052af77a45aead8ac3751a;detectada;sanfona;12;E ela, Helena, atendera àquela ligação agradecida, e chorara também, e agradecera à mulher pela madrugada em c;legitima;SUBSTITUIR POR JUSTIFICATIVA HUMANA ESPECÍFICA
dan-brown-aprovado-03;dan-brown;holdout;aprovada;samples/dan-brown/aprovado-03.md;f556d452820e36524438e6e6ab2ee1a0989a22a8d1052af77a45aead8ac3751a;detectada;sanfona;13;Cada gesto que parecera cuidado tinha, do outro lado, uma função fria: manter o alvo perto, informado só do ne;legitima;SUBSTITUIR POR JUSTIFICATIVA HUMANA ESPECÍFICA
dan-brown-aprovado-03;dan-brown;holdout;aprovada;samples/dan-brown/aprovado-03.md;f556d452820e36524438e6e6ab2ee1a0989a22a8d1052af77a45aead8ac3751a;detectada;sanfona;14;E então veio o corte que ela não estava pronta para receber, e que a atingiu não na trama, mas nela.;legitima;SUBSTITUIR POR JUSTIFICATIVA HUMANA ESPECÍFICA
dan-brown-aprovado-03;dan-brown;holdout;aprovada;samples/dan-brown/aprovado-03.md;f556d452820e36524438e6e6ab2ee1a0989a22a8d1052af77a45aead8ac3751a;detectada;sanfona;15;A metodologia inteira — isole a fonte, desconfie do dado, não acredite numa lembrança só porque ela chega vívi;legitima;SUBSTITUIR POR JUSTIFICATIVA HUMANA ESPECÍFICA
dan-brown-aprovado-03;dan-brown;holdout;aprovada;samples/dan-brown/aprovado-03.md;f556d452820e36524438e6e6ab2ee1a0989a22a8d1052af77a45aead8ac3751a;detectada;sanfona;16;No meio, o próprio nome dela, que não estava escrito em lugar nenhum e mesmo assim ela via, entre as duas colu;legitima;SUBSTITUIR POR JUSTIFICATIVA HUMANA ESPECÍFICA
dan-brown-aprovado-03;dan-brown;holdout;aprovada;samples/dan-brown/aprovado-03.md;f556d452820e36524438e6e6ab2ee1a0989a22a8d1052af77a45aead8ac3751a;detectada;sanfona;17;Helena correu os olhos pela cozinha alugada — a lâmpada de necrotério, a fileira de papel, a segunda coluna co;legitima;SUBSTITUIR POR JUSTIFICATIVA HUMANA ESPECÍFICA
dan-brown-aprovado-03;dan-brown;holdout;aprovada;samples/dan-brown/aprovado-03.md;f556d452820e36524438e6e6ab2ee1a0989a22a8d1052af77a45aead8ac3751a;detectada;sanfona;18;Olhou o aparelho acender e apagar no escuro relativo da madeira — a resposta chegando pela caixa que ninguém e;legitima;SUBSTITUIR POR JUSTIFICATIVA HUMANA ESPECÍFICA
dan-brown-aprovado-03;dan-brown;holdout;aprovada;samples/dan-brown/aprovado-03.md;f556d452820e36524438e6e6ab2ee1a0989a22a8d1052af77a45aead8ac3751a;atestacao;sanfona;;;validado;SUBSTITUIR POR ATESTAÇÃO HUMANA DE REVISÃO INTEGRAL DESTE SINAL
dan-brown-aprovado-03;dan-brown;holdout;aprovada;samples/dan-brown/aprovado-03.md;f556d452820e36524438e6e6ab2ee1a0989a22a8d1052af77a45aead8ac3751a;detectada;metafora_elaborada;1;como se ouve uma gravação: cada inflexão calculada, cada pausa posta onde produz;legitima;SUBSTITUIR POR JUSTIFICATIVA HUMANA ESPECÍFICA
dan-brown-aprovado-03;dan-brown;holdout;aprovada;samples/dan-brown/aprovado-03.md;f556d452820e36524438e6e6ab2ee1a0989a22a8d1052af77a45aead8ac3751a;detectada;metafora_elaborada;2;como um protocolo aplicado com competência. — Helena. Não faça nada sozinha esta;legitima;SUBSTITUIR POR JUSTIFICATIVA HUMANA ESPECÍFICA
dan-brown-aprovado-03;dan-brown;holdout;aprovada;samples/dan-brown/aprovado-03.md;f556d452820e36524438e6e6ab2ee1a0989a22a8d1052af77a45aead8ac3751a;atestacao;metafora_elaborada;;;validado;SUBSTITUIR POR ATESTAÇÃO HUMANA DE REVISÃO INTEGRAL DESTE SINAL
dan-brown-aprovado-03;dan-brown;holdout;aprovada;samples/dan-brown/aprovado-03.md;f556d452820e36524438e6e6ab2ee1a0989a22a8d1052af77a45aead8ac3751a;detectada;cadencia.fragmentos colados (≤4 palavras);1;Halsey. Okafor.;legitima;SUBSTITUIR POR JUSTIFICATIVA HUMANA ESPECÍFICA
dan-brown-aprovado-03;dan-brown;holdout;aprovada;samples/dan-brown/aprovado-03.md;f556d452820e36524438e6e6ab2ee1a0989a22a8d1052af77a45aead8ac3751a;detectada;cadencia.fragmentos colados (≤4 palavras);2;Três anos. Cinco anos.;legitima;SUBSTITUIR POR JUSTIFICATIVA HUMANA ESPECÍFICA
dan-brown-aprovado-03;dan-brown;holdout;aprovada;samples/dan-brown/aprovado-03.md;f556d452820e36524438e6e6ab2ee1a0989a22a8d1052af77a45aead8ac3751a;detectada;cadencia.fragmentos colados (≤4 palavras);3;Cinco anos. Quinze.;legitima;SUBSTITUIR POR JUSTIFICATIVA HUMANA ESPECÍFICA
dan-brown-aprovado-03;dan-brown;holdout;aprovada;samples/dan-brown/aprovado-03.md;f556d452820e36524438e6e6ab2ee1a0989a22a8d1052af77a45aead8ac3751a;atestacao;cadencia.fragmentos colados (≤4 palavras);;;validado;SUBSTITUIR POR ATESTAÇÃO HUMANA DE REVISÃO INTEGRAL DESTE SINAL
dan-brown-aprovado-03;dan-brown;holdout;aprovada;samples/dan-brown/aprovado-03.md;f556d452820e36524438e6e6ab2ee1a0989a22a8d1052af77a45aead8ac3751a;atestacao;cadencia.staccato (frases curtas);;;validado;SUBSTITUIR POR ATESTAÇÃO HUMANA DE REVISÃO INTEGRAL DESTE SINAL
dan-brown-aprovado-03;dan-brown;holdout;aprovada;samples/dan-brown/aprovado-03.md;f556d452820e36524438e6e6ab2ee1a0989a22a8d1052af77a45aead8ac3751a;detectada;cadencia.clipe de negação curto;1;Não fora dedução.;legitima;SUBSTITUIR POR JUSTIFICATIVA HUMANA ESPECÍFICA
dan-brown-aprovado-03;dan-brown;holdout;aprovada;samples/dan-brown/aprovado-03.md;f556d452820e36524438e6e6ab2ee1a0989a22a8d1052af77a45aead8ac3751a;detectada;cadencia.clipe de negação curto;2;Não respondeu.;legitima;SUBSTITUIR POR JUSTIFICATIVA HUMANA ESPECÍFICA
dan-brown-aprovado-03;dan-brown;holdout;aprovada;samples/dan-brown/aprovado-03.md;f556d452820e36524438e6e6ab2ee1a0989a22a8d1052af77a45aead8ac3751a;detectada;cadencia.clipe de negação curto;3;Não havia mentora.;legitima;SUBSTITUIR POR JUSTIFICATIVA HUMANA ESPECÍFICA
dan-brown-aprovado-03;dan-brown;holdout;aprovada;samples/dan-brown/aprovado-03.md;f556d452820e36524438e6e6ab2ee1a0989a22a8d1052af77a45aead8ac3751a;atestacao;cadencia.clipe de negação curto;;;validado;SUBSTITUIR POR ATESTAÇÃO HUMANA DE REVISÃO INTEGRAL DESTE SINAL
dan-brown-aprovado-03;dan-brown;holdout;aprovada;samples/dan-brown/aprovado-03.md;f556d452820e36524438e6e6ab2ee1a0989a22a8d1052af77a45aead8ac3751a;detectada;cadencia.anáfora (frases coladas, mesmo início);1;Não respondeu. / Não porque escondesse a resposta — porque não tinha nenhuma.;legitima;SUBSTITUIR POR JUSTIFICATIVA HUMANA ESPECÍFICA
dan-brown-aprovado-03;dan-brown;holdout;aprovada;samples/dan-brown/aprovado-03.md;f556d452820e36524438e6e6ab2ee1a0989a22a8d1052af77a45aead8ac3751a;atestacao;cadencia.anáfora (frases coladas, mesmo início);;;validado;SUBSTITUIR POR ATESTAÇÃO HUMANA DE REVISÃO INTEGRAL DESTE SINAL
dan-brown-aprovado-03;dan-brown;holdout;aprovada;samples/dan-brown/aprovado-03.md;f556d452820e36524438e6e6ab2ee1a0989a22a8d1052af77a45aead8ac3751a;atestacao;cadencia.epigrama antitético;;;validado;SUBSTITUIR POR ATESTAÇÃO HUMANA DE REVISÃO INTEGRAL DESTE SINAL
dan-brown-aprovado-03;dan-brown;holdout;aprovada;samples/dan-brown/aprovado-03.md;f556d452820e36524438e6e6ab2ee1a0989a22a8d1052af77a45aead8ac3751a;detectada;cadencia.fragmento de ênfase (Regra 4 ≤1–2);1;Estava datando-as.;legitima;SUBSTITUIR POR JUSTIFICATIVA HUMANA ESPECÍFICA
dan-brown-aprovado-03;dan-brown;holdout;aprovada;samples/dan-brown/aprovado-03.md;f556d452820e36524438e6e6ab2ee1a0989a22a8d1052af77a45aead8ac3751a;detectada;cadencia.fragmento de ênfase (Regra 4 ≤1–2);2;Halsey.;legitima;SUBSTITUIR POR JUSTIFICATIVA HUMANA ESPECÍFICA
dan-brown-aprovado-03;dan-brown;holdout;aprovada;samples/dan-brown/aprovado-03.md;f556d452820e36524438e6e6ab2ee1a0989a22a8d1052af77a45aead8ac3751a;detectada;cadencia.fragmento de ênfase (Regra 4 ≤1–2);3;Okafor.;legitima;SUBSTITUIR POR JUSTIFICATIVA HUMANA ESPECÍFICA
dan-brown-aprovado-03;dan-brown;holdout;aprovada;samples/dan-brown/aprovado-03.md;f556d452820e36524438e6e6ab2ee1a0989a22a8d1052af77a45aead8ac3751a;detectada;cadencia.fragmento de ênfase (Regra 4 ≤1–2);4;Tocavam.;legitima;SUBSTITUIR POR JUSTIFICATIVA HUMANA ESPECÍFICA
dan-brown-aprovado-03;dan-brown;holdout;aprovada;samples/dan-brown/aprovado-03.md;f556d452820e36524438e6e6ab2ee1a0989a22a8d1052af77a45aead8ac3751a;detectada;cadencia.fragmento de ênfase (Regra 4 ≤1–2);5;Batia.;legitima;SUBSTITUIR POR JUSTIFICATIVA HUMANA ESPECÍFICA
dan-brown-aprovado-03;dan-brown;holdout;aprovada;samples/dan-brown/aprovado-03.md;f556d452820e36524438e6e6ab2ee1a0989a22a8d1052af77a45aead8ac3751a;detectada;cadencia.fragmento de ênfase (Regra 4 ≤1–2);6;Três anos.;legitima;SUBSTITUIR POR JUSTIFICATIVA HUMANA ESPECÍFICA
dan-brown-aprovado-03;dan-brown;holdout;aprovada;samples/dan-brown/aprovado-03.md;f556d452820e36524438e6e6ab2ee1a0989a22a8d1052af77a45aead8ac3751a;detectada;cadencia.fragmento de ênfase (Regra 4 ≤1–2);7;Cinco anos.;legitima;SUBSTITUIR POR JUSTIFICATIVA HUMANA ESPECÍFICA
dan-brown-aprovado-03;dan-brown;holdout;aprovada;samples/dan-brown/aprovado-03.md;f556d452820e36524438e6e6ab2ee1a0989a22a8d1052af77a45aead8ac3751a;detectada;cadencia.fragmento de ênfase (Regra 4 ≤1–2);8;Quinze.;legitima;SUBSTITUIR POR JUSTIFICATIVA HUMANA ESPECÍFICA
dan-brown-aprovado-03;dan-brown;holdout;aprovada;samples/dan-brown/aprovado-03.md;f556d452820e36524438e6e6ab2ee1a0989a22a8d1052af77a45aead8ac3751a;detectada;cadencia.fragmento de ênfase (Regra 4 ≤1–2);9;Vinte minutos.;legitima;SUBSTITUIR POR JUSTIFICATIVA HUMANA ESPECÍFICA
dan-brown-aprovado-03;dan-brown;holdout;aprovada;samples/dan-brown/aprovado-03.md;f556d452820e36524438e6e6ab2ee1a0989a22a8d1052af77a45aead8ac3751a;detectada;cadencia.fragmento de ênfase (Regra 4 ≤1–2);10;Depois discou.;legitima;SUBSTITUIR POR JUSTIFICATIVA HUMANA ESPECÍFICA
dan-brown-aprovado-03;dan-brown;holdout;aprovada;samples/dan-brown/aprovado-03.md;f556d452820e36524438e6e6ab2ee1a0989a22a8d1052af77a45aead8ac3751a;detectada;cadencia.fragmento de ênfase (Regra 4 ≤1–2);11;Depois:;legitima;SUBSTITUIR POR JUSTIFICATIVA HUMANA ESPECÍFICA
dan-brown-aprovado-03;dan-brown;holdout;aprovada;samples/dan-brown/aprovado-03.md;f556d452820e36524438e6e6ab2ee1a0989a22a8d1052af77a45aead8ac3751a;detectada;cadencia.fragmento de ênfase (Regra 4 ≤1–2);12;Não fora dedução.;legitima;SUBSTITUIR POR JUSTIFICATIVA HUMANA ESPECÍFICA
dan-brown-aprovado-03;dan-brown;holdout;aprovada;samples/dan-brown/aprovado-03.md;f556d452820e36524438e6e6ab2ee1a0989a22a8d1052af77a45aead8ac3751a;detectada;cadencia.fragmento de ênfase (Regra 4 ≤1–2);13;Não respondeu.;legitima;SUBSTITUIR POR JUSTIFICATIVA HUMANA ESPECÍFICA
dan-brown-aprovado-03;dan-brown;holdout;aprovada;samples/dan-brown/aprovado-03.md;f556d452820e36524438e6e6ab2ee1a0989a22a8d1052af77a45aead8ac3751a;detectada;cadencia.fragmento de ênfase (Regra 4 ≤1–2);14;Era contenção.;legitima;SUBSTITUIR POR JUSTIFICATIVA HUMANA ESPECÍFICA
dan-brown-aprovado-03;dan-brown;holdout;aprovada;samples/dan-brown/aprovado-03.md;f556d452820e36524438e6e6ab2ee1a0989a22a8d1052af77a45aead8ac3751a;detectada;cadencia.fragmento de ênfase (Regra 4 ≤1–2);15;Não havia mentora.;legitima;SUBSTITUIR POR JUSTIFICATIVA HUMANA ESPECÍFICA
dan-brown-aprovado-03;dan-brown;holdout;aprovada;samples/dan-brown/aprovado-03.md;f556d452820e36524438e6e6ab2ee1a0989a22a8d1052af77a45aead8ac3751a;atestacao;cadencia.fragmento de ênfase (Regra 4 ≤1–2);;;validado;SUBSTITUIR POR ATESTAÇÃO HUMANA DE REVISÃO INTEGRAL DESTE SINAL
dan-brown-aprovado-03;dan-brown;holdout;aprovada;samples/dan-brown/aprovado-03.md;f556d452820e36524438e6e6ab2ee1a0989a22a8d1052af77a45aead8ac3751a;atestacao;cadencia.fragmentos de ênfase COLADOS (Regra 4: nunca dois);;;validado;SUBSTITUIR POR ATESTAÇÃO HUMANA DE REVISÃO INTEGRAL DESTE SINAL
dan-brown-aprovado-03;dan-brown;holdout;aprovada;samples/dan-brown/aprovado-03.md;f556d452820e36524438e6e6ab2ee1a0989a22a8d1052af77a45aead8ac3751a;detectada;cadencia.pensamento em itálico (Regra 4 ≤2–3);1;Sempre foi.;legitima;SUBSTITUIR POR JUSTIFICATIVA HUMANA ESPECÍFICA
dan-brown-aprovado-03;dan-brown;holdout;aprovada;samples/dan-brown/aprovado-03.md;f556d452820e36524438e6e6ab2ee1a0989a22a8d1052af77a45aead8ac3751a;atestacao;cadencia.pensamento em itálico (Regra 4 ≤2–3);;;validado;SUBSTITUIR POR ATESTAÇÃO HUMANA DE REVISÃO INTEGRAL DESTE SINAL
dan-brown-aprovado-03;dan-brown;holdout;aprovada;samples/dan-brown/aprovado-03.md;f556d452820e36524438e6e6ab2ee1a0989a22a8d1052af77a45aead8ac3751a;detectada;cadencia.pergunta retórica (Regra 4 ≤1–2);1;Dez e quinze minutos antes, ela colocara as duas séries lado a lado e fizera a única pergunta que um perito fa;legitima;SUBSTITUIR POR JUSTIFICATIVA HUMANA ESPECÍFICA
dan-brown-aprovado-03;dan-brown;holdout;aprovada;samples/dan-brown/aprovado-03.md;f556d452820e36524438e6e6ab2ee1a0989a22a8d1052af77a45aead8ac3751a;detectada;cadencia.pergunta retórica (Regra 4 ≤1–2);2;Se o instrumento tinha um cego desenhado por outro, o que mais ela lera errado em quinze anos?;legitima;SUBSTITUIR POR JUSTIFICATIVA HUMANA ESPECÍFICA
dan-brown-aprovado-03;dan-brown;holdout;aprovada;samples/dan-brown/aprovado-03.md;f556d452820e36524438e6e6ab2ee1a0989a22a8d1052af77a45aead8ac3751a;atestacao;cadencia.pergunta retórica (Regra 4 ≤1–2);;;validado;SUBSTITUIR POR ATESTAÇÃO HUMANA DE REVISÃO INTEGRAL DESTE SINAL
dan-brown-contraste-01;dan-brown;holdout;contraste;samples/dan-brown/contraste-01.md;abcc7c5eaf2d4b3204747cb5469017575a1515f6adb8c23c5d15b5dc291f7814;atestacao;gnomico;;;validado;SUBSTITUIR POR ATESTAÇÃO HUMANA DE REVISÃO INTEGRAL DESTE SINAL
dan-brown-contraste-01;dan-brown;holdout;contraste;samples/dan-brown/contraste-01.md;abcc7c5eaf2d4b3204747cb5469017575a1515f6adb8c23c5d15b5dc291f7814;detectada;personificacao;1;O sistema oficial devolveu a mesma frase seca de antes, o nenhum resultado de sempre.;legitima;SUBSTITUIR POR JUSTIFICATIVA HUMANA ESPECÍFICA
dan-brown-contraste-01;dan-brown;holdout;contraste;samples/dan-brown/contraste-01.md;abcc7c5eaf2d4b3204747cb5469017575a1515f6adb8c23c5d15b5dc291f7814;atestacao;personificacao;;;validado;SUBSTITUIR POR ATESTAÇÃO HUMANA DE REVISÃO INTEGRAL DESTE SINAL
dan-brown-contraste-01;dan-brown;holdout;contraste;samples/dan-brown/contraste-01.md;abcc7c5eaf2d4b3204747cb5469017575a1515f6adb8c23c5d15b5dc291f7814;atestacao;sanfona;;;validado;SUBSTITUIR POR ATESTAÇÃO HUMANA DE REVISÃO INTEGRAL DESTE SINAL
dan-brown-contraste-01;dan-brown;holdout;contraste;samples/dan-brown/contraste-01.md;abcc7c5eaf2d4b3204747cb5469017575a1515f6adb8c23c5d15b5dc291f7814;detectada;metafora_elaborada;1;como uma cicatriz clara. Uma âncora dentro de um círculo, com três estrelas acim;legitima;SUBSTITUIR POR JUSTIFICATIVA HUMANA ESPECÍFICA
dan-brown-contraste-01;dan-brown;holdout;contraste;samples/dan-brown/contraste-01.md;abcc7c5eaf2d4b3204747cb5469017575a1515f6adb8c23c5d15b5dc291f7814;atestacao;metafora_elaborada;;;validado;SUBSTITUIR POR ATESTAÇÃO HUMANA DE REVISÃO INTEGRAL DESTE SINAL
dan-brown-contraste-01;dan-brown;holdout;contraste;samples/dan-brown/contraste-01.md;abcc7c5eaf2d4b3204747cb5469017575a1515f6adb8c23c5d15b5dc291f7814;detectada;cadencia.fragmentos colados (≤4 palavras);1;*Inventário classificado. Interdição por ordem superior.;legitima;SUBSTITUIR POR JUSTIFICATIVA HUMANA ESPECÍFICA
dan-brown-contraste-01;dan-brown;holdout;contraste;samples/dan-brown/contraste-01.md;abcc7c5eaf2d4b3204747cb5469017575a1515f6adb8c23c5d15b5dc291f7814;detectada;cadencia.fragmentos colados (≤4 palavras);2;Interdição por ordem superior. Não catalogável.*;legitima;SUBSTITUIR POR JUSTIFICATIVA HUMANA ESPECÍFICA
dan-brown-contraste-01;dan-brown;holdout;contraste;samples/dan-brown/contraste-01.md;abcc7c5eaf2d4b3204747cb5469017575a1515f6adb8c23c5d15b5dc291f7814;atestacao;cadencia.fragmentos colados (≤4 palavras);;;validado;SUBSTITUIR POR ATESTAÇÃO HUMANA DE REVISÃO INTEGRAL DESTE SINAL
dan-brown-contraste-01;dan-brown;holdout;contraste;samples/dan-brown/contraste-01.md;abcc7c5eaf2d4b3204747cb5469017575a1515f6adb8c23c5d15b5dc291f7814;atestacao;cadencia.staccato (frases curtas);;;validado;SUBSTITUIR POR ATESTAÇÃO HUMANA DE REVISÃO INTEGRAL DESTE SINAL
dan-brown-contraste-01;dan-brown;holdout;contraste;samples/dan-brown/contraste-01.md;abcc7c5eaf2d4b3204747cb5469017575a1515f6adb8c23c5d15b5dc291f7814;detectada;cadencia.clipe de negação curto;1;Não catalogável.*;legitima;SUBSTITUIR POR JUSTIFICATIVA HUMANA ESPECÍFICA
dan-brown-contraste-01;dan-brown;holdout;contraste;samples/dan-brown/contraste-01.md;abcc7c5eaf2d4b3204747cb5469017575a1515f6adb8c23c5d15b5dc291f7814;atestacao;cadencia.clipe de negação curto;;;validado;SUBSTITUIR POR ATESTAÇÃO HUMANA DE REVISÃO INTEGRAL DESTE SINAL
dan-brown-contraste-01;dan-brown;holdout;contraste;samples/dan-brown/contraste-01.md;abcc7c5eaf2d4b3204747cb5469017575a1515f6adb8c23c5d15b5dc291f7814;detectada;cadencia.anáfora (frases coladas, mesmo início);1;Cada moinho tinha a sua. / Cada década tinha a sua variação.;legitima;SUBSTITUIR POR JUSTIFICATIVA HUMANA ESPECÍFICA
dan-brown-contraste-01;dan-brown;holdout;contraste;samples/dan-brown/contraste-01.md;abcc7c5eaf2d4b3204747cb5469017575a1515f6adb8c23c5d15b5dc291f7814;atestacao;cadencia.anáfora (frases coladas, mesmo início);;;validado;SUBSTITUIR POR ATESTAÇÃO HUMANA DE REVISÃO INTEGRAL DESTE SINAL
dan-brown-contraste-01;dan-brown;holdout;contraste;samples/dan-brown/contraste-01.md;abcc7c5eaf2d4b3204747cb5469017575a1515f6adb8c23c5d15b5dc291f7814;atestacao;cadencia.epigrama antitético;;;validado;SUBSTITUIR POR ATESTAÇÃO HUMANA DE REVISÃO INTEGRAL DESTE SINAL
dan-brown-contraste-01;dan-brown;holdout;contraste;samples/dan-brown/contraste-01.md;abcc7c5eaf2d4b3204747cb5469017575a1515f6adb8c23c5d15b5dc291f7814;detectada;cadencia.fragmento de ênfase (Regra 4 ≤1–2);1;*Inventário classificado.;legitima;SUBSTITUIR POR JUSTIFICATIVA HUMANA ESPECÍFICA
dan-brown-contraste-01;dan-brown;holdout;contraste;samples/dan-brown/contraste-01.md;abcc7c5eaf2d4b3204747cb5469017575a1515f6adb8c23c5d15b5dc291f7814;detectada;cadencia.fragmento de ênfase (Regra 4 ≤1–2);2;Não catalogável.*;legitima;SUBSTITUIR POR JUSTIFICATIVA HUMANA ESPECÍFICA
dan-brown-contraste-01;dan-brown;holdout;contraste;samples/dan-brown/contraste-01.md;abcc7c5eaf2d4b3204747cb5469017575a1515f6adb8c23c5d15b5dc291f7814;detectada;cadencia.fragmento de ênfase (Regra 4 ≤1–2);3;Era logística.;legitima;SUBSTITUIR POR JUSTIFICATIVA HUMANA ESPECÍFICA
dan-brown-contraste-01;dan-brown;holdout;contraste;samples/dan-brown/contraste-01.md;abcc7c5eaf2d4b3204747cb5469017575a1515f6adb8c23c5d15b5dc291f7814;detectada;cadencia.fragmento de ênfase (Regra 4 ≤1–2);4;Duas casas.;legitima;SUBSTITUIR POR JUSTIFICATIVA HUMANA ESPECÍFICA
dan-brown-contraste-01;dan-brown;holdout;contraste;samples/dan-brown/contraste-01.md;abcc7c5eaf2d4b3204747cb5469017575a1515f6adb8c23c5d15b5dc291f7814;atestacao;cadencia.fragmento de ênfase (Regra 4 ≤1–2);;;validado;SUBSTITUIR POR ATESTAÇÃO HUMANA DE REVISÃO INTEGRAL DESTE SINAL
dan-brown-contraste-01;dan-brown;holdout;contraste;samples/dan-brown/contraste-01.md;abcc7c5eaf2d4b3204747cb5469017575a1515f6adb8c23c5d15b5dc291f7814;atestacao;cadencia.fragmentos de ênfase COLADOS (Regra 4: nunca dois);;;validado;SUBSTITUIR POR ATESTAÇÃO HUMANA DE REVISÃO INTEGRAL DESTE SINAL
dan-brown-contraste-01;dan-brown;holdout;contraste;samples/dan-brown/contraste-01.md;abcc7c5eaf2d4b3204747cb5469017575a1515f6adb8c23c5d15b5dc291f7814;detectada;cadencia.pensamento em itálico (Regra 4 ≤2–3);1;Inventário classificado. Interdição por ordem superior. Não catalogável.;legitima;SUBSTITUIR POR JUSTIFICATIVA HUMANA ESPECÍFICA
dan-brown-contraste-01;dan-brown;holdout;contraste;samples/dan-brown/contraste-01.md;abcc7c5eaf2d4b3204747cb5469017575a1515f6adb8c23c5d15b5dc291f7814;detectada;cadencia.pensamento em itálico (Regra 4 ≤2–3);2;Dividido em três. Vedada a reunião das partes.;legitima;SUBSTITUIR POR JUSTIFICATIVA HUMANA ESPECÍFICA
dan-brown-contraste-01;dan-brown;holdout;contraste;samples/dan-brown/contraste-01.md;abcc7c5eaf2d4b3204747cb5469017575a1515f6adb8c23c5d15b5dc291f7814;atestacao;cadencia.pensamento em itálico (Regra 4 ≤2–3);;;validado;SUBSTITUIR POR ATESTAÇÃO HUMANA DE REVISÃO INTEGRAL DESTE SINAL
dan-brown-contraste-01;dan-brown;holdout;contraste;samples/dan-brown/contraste-01.md;abcc7c5eaf2d4b3204747cb5469017575a1515f6adb8c23c5d15b5dc291f7814;atestacao;cadencia.pergunta retórica (Regra 4 ≤1–2);;;validado;SUBSTITUIR POR ATESTAÇÃO HUMANA DE REVISÃO INTEGRAL DESTE SINAL
hoover-mcfadden-aprovado-01;hoover-mcfadden;calibracao;aprovada;samples/hoover-mcfadden/aprovado-01.md;934039ab66174f414a076641bb29298a5d8f74e28cddf14e4aee546cdd7acb80;detectada;gnomico;1;A lista já é longa e eu ainda nem vi a casa.;legitima;SUBSTITUIR POR JUSTIFICATIVA HUMANA ESPECÍFICA
hoover-mcfadden-aprovado-01;hoover-mcfadden;calibracao;aprovada;samples/hoover-mcfadden/aprovado-01.md;934039ab66174f414a076641bb29298a5d8f74e28cddf14e4aee546cdd7acb80;detectada;gnomico;2;Quem é daqui sabe quem está embaixo de cada pedra sem precisar ler.;legitima;SUBSTITUIR POR JUSTIFICATIVA HUMANA ESPECÍFICA
hoover-mcfadden-aprovado-01;hoover-mcfadden;calibracao;aprovada;samples/hoover-mcfadden/aprovado-01.md;934039ab66174f414a076641bb29298a5d8f74e28cddf14e4aee546cdd7acb80;detectada;gnomico;3;Não se chora uma data.;legitima;SUBSTITUIR POR JUSTIFICATIVA HUMANA ESPECÍFICA
hoover-mcfadden-aprovado-01;hoover-mcfadden;calibracao;aprovada;samples/hoover-mcfadden/aprovado-01.md;934039ab66174f414a076641bb29298a5d8f74e28cddf14e4aee546cdd7acb80;detectada;gnomico;4;porque era simples;legitima;SUBSTITUIR POR JUSTIFICATIVA HUMANA ESPECÍFICA
hoover-mcfadden-aprovado-01;hoover-mcfadden;calibracao;aprovada;samples/hoover-mcfadden/aprovado-01.md;934039ab66174f414a076641bb29298a5d8f74e28cddf14e4aee546cdd7acb80;atestacao;gnomico;;;validado;SUBSTITUIR POR ATESTAÇÃO HUMANA DE REVISÃO INTEGRAL DESTE SINAL
hoover-mcfadden-aprovado-01;hoover-mcfadden;calibracao;aprovada;samples/hoover-mcfadden/aprovado-01.md;934039ab66174f414a076641bb29298a5d8f74e28cddf14e4aee546cdd7acb80;detectada;personificacao;1;Esta terra foi devolvida para dentro.;legitima;SUBSTITUIR POR JUSTIFICATIVA HUMANA ESPECÍFICA
hoover-mcfadden-aprovado-01;hoover-mcfadden;calibracao;aprovada;samples/hoover-mcfadden/aprovado-01.md;934039ab66174f414a076641bb29298a5d8f74e28cddf14e4aee546cdd7acb80;detectada;personificacao;2;A própria terra desmente o ladrão.;legitima;SUBSTITUIR POR JUSTIFICATIVA HUMANA ESPECÍFICA
hoover-mcfadden-aprovado-01;hoover-mcfadden;calibracao;aprovada;samples/hoover-mcfadden/aprovado-01.md;934039ab66174f414a076641bb29298a5d8f74e28cddf14e4aee546cdd7acb80;atestacao;personificacao;;;validado;SUBSTITUIR POR ATESTAÇÃO HUMANA DE REVISÃO INTEGRAL DESTE SINAL
hoover-mcfadden-aprovado-01;hoover-mcfadden;calibracao;aprovada;samples/hoover-mcfadden/aprovado-01.md;934039ab66174f414a076641bb29298a5d8f74e28cddf14e4aee546cdd7acb80;detectada;sanfona;1;Telhado de duas águas, um cipreste velho torto contra o céu, e as venezianas fechadas, todas, como pálpebras d;legitima;SUBSTITUIR POR JUSTIFICATIVA HUMANA ESPECÍFICA
hoover-mcfadden-aprovado-01;hoover-mcfadden;calibracao;aprovada;samples/hoover-mcfadden/aprovado-01.md;934039ab66174f414a076641bb29298a5d8f74e28cddf14e4aee546cdd7acb80;detectada;sanfona;2;O pomar, atrás, é um campo de figueiras e marmeleiros embrutecidos, fruta caindo no chão sem que ninguém apanh;legitima;SUBSTITUIR POR JUSTIFICATIVA HUMANA ESPECÍFICA
hoover-mcfadden-aprovado-01;hoover-mcfadden;calibracao;aprovada;samples/hoover-mcfadden/aprovado-01.md;934039ab66174f414a076641bb29298a5d8f74e28cddf14e4aee546cdd7acb80;detectada;sanfona;3;Numa casa que ninguém habita, num pomar que apodrece de graça, numa vinha que morreu de pé, alguém acordou ced;legitima;SUBSTITUIR POR JUSTIFICATIVA HUMANA ESPECÍFICA
hoover-mcfadden-aprovado-01;hoover-mcfadden;calibracao;aprovada;samples/hoover-mcfadden/aprovado-01.md;934039ab66174f414a076641bb29298a5d8f74e28cddf14e4aee546cdd7acb80;detectada;sanfona;4;É baixo, de pedra seca, e num canto ele deixa de ser muro de horta e vira muro de outro recinto, mais alto, co;legitima;SUBSTITUIR POR JUSTIFICATIVA HUMANA ESPECÍFICA
hoover-mcfadden-aprovado-01;hoover-mcfadden;calibracao;aprovada;samples/hoover-mcfadden/aprovado-01.md;934039ab66174f414a076641bb29298a5d8f74e28cddf14e4aee546cdd7acb80;detectada;sanfona;5;Umas doze, treze lajes de pedra clara, dispostas em duas fileiras tortas sob uma oliveira que aqui, só aqui, f;legitima;SUBSTITUIR POR JUSTIFICATIVA HUMANA ESPECÍFICA
hoover-mcfadden-aprovado-01;hoover-mcfadden;calibracao;aprovada;samples/hoover-mcfadden/aprovado-01.md;934039ab66174f414a076641bb29298a5d8f74e28cddf14e4aee546cdd7acb80;detectada;sanfona;6;Cada laje tem, à cabeceira, um pé vivo enraizado na terra da sepultura, cada um de uma espécie.;legitima;SUBSTITUIR POR JUSTIFICATIVA HUMANA ESPECÍFICA
hoover-mcfadden-aprovado-01;hoover-mcfadden;calibracao;aprovada;samples/hoover-mcfadden/aprovado-01.md;934039ab66174f414a076641bb29298a5d8f74e28cddf14e4aee546cdd7acb80;detectada;sanfona;7;Mas há uma autoridade nele que não vem de posse — vem de saber — e diante de quem sabe mais que eu, eu calo e ;legitima;SUBSTITUIR POR JUSTIFICATIVA HUMANA ESPECÍFICA
hoover-mcfadden-aprovado-01;hoover-mcfadden;calibracao;aprovada;samples/hoover-mcfadden/aprovado-01.md;934039ab66174f414a076641bb29298a5d8f74e28cddf14e4aee546cdd7acb80;detectada;sanfona;8;Não pisada, não murcha — arrancada de raiz, o torrão inteiro fora da terra, jogada de lado sobre a grama com a;legitima;SUBSTITUIR POR JUSTIFICATIVA HUMANA ESPECÍFICA
hoover-mcfadden-aprovado-01;hoover-mcfadden;calibracao;aprovada;samples/hoover-mcfadden/aprovado-01.md;934039ab66174f414a076641bb29298a5d8f74e28cddf14e4aee546cdd7acb80;detectada;sanfona;9;Um pedaço de oleado escuro, desses que se joga sobre a lenha para a chuva não pegar, dobrado sobre um volume e;legitima;SUBSTITUIR POR JUSTIFICATIVA HUMANA ESPECÍFICA
hoover-mcfadden-aprovado-01;hoover-mcfadden;calibracao;aprovada;samples/hoover-mcfadden/aprovado-01.md;934039ab66174f414a076641bb29298a5d8f74e28cddf14e4aee546cdd7acb80;detectada;sanfona;10;Envelopes amarelados, amarrados de novo por uma fita que já foi de cetim e hoje é só fio, e o papel cheira a t;legitima;SUBSTITUIR POR JUSTIFICATIVA HUMANA ESPECÍFICA
hoover-mcfadden-aprovado-01;hoover-mcfadden;calibracao;aprovada;samples/hoover-mcfadden/aprovado-01.md;934039ab66174f414a076641bb29298a5d8f74e28cddf14e4aee546cdd7acb80;detectada;sanfona;11;Chorei foi outra dor, de menina — a ideia de ter sido largada, escondida no fundo da cama, com raiva de um vul;legitima;SUBSTITUIR POR JUSTIFICATIVA HUMANA ESPECÍFICA
hoover-mcfadden-aprovado-01;hoover-mcfadden;calibracao;aprovada;samples/hoover-mcfadden/aprovado-01.md;934039ab66174f414a076641bb29298a5d8f74e28cddf14e4aee546cdd7acb80;detectada;sanfona;12;Tinta desbota, o três vira oito, o seis vira zero, um arquivo mal-arrumado embaralha as ordens — sei disso, di;legitima;SUBSTITUIR POR JUSTIFICATIVA HUMANA ESPECÍFICA
hoover-mcfadden-aprovado-01;hoover-mcfadden;calibracao;aprovada;samples/hoover-mcfadden/aprovado-01.md;934039ab66174f414a076641bb29298a5d8f74e28cddf14e4aee546cdd7acb80;detectada;sanfona;13;De joelhos, com o mês de outubro de 1931 tremendo entre os dedos, num cemitério onde ninguém tem nome — e onde;legitima;SUBSTITUIR POR JUSTIFICATIVA HUMANA ESPECÍFICA
hoover-mcfadden-aprovado-01;hoover-mcfadden;calibracao;aprovada;samples/hoover-mcfadden/aprovado-01.md;934039ab66174f414a076641bb29298a5d8f74e28cddf14e4aee546cdd7acb80;atestacao;sanfona;;;validado;SUBSTITUIR POR ATESTAÇÃO HUMANA DE REVISÃO INTEGRAL DESTE SINAL
hoover-mcfadden-aprovado-01;hoover-mcfadden;calibracao;aprovada;samples/hoover-mcfadden/aprovado-01.md;934039ab66174f414a076641bb29298a5d8f74e28cddf14e4aee546cdd7acb80;detectada;metafora_elaborada;1;como um velho teimoso, mas mesmo elas pedem poda de anos. Passo a mão numa folha;legitima;SUBSTITUIR POR JUSTIFICATIVA HUMANA ESPECÍFICA
hoover-mcfadden-aprovado-01;hoover-mcfadden;calibracao;aprovada;samples/hoover-mcfadden/aprovado-01.md;934039ab66174f414a076641bb29298a5d8f74e28cddf14e4aee546cdd7acb80;detectada;metafora_elaborada;2;como uma porta. — Nome é para forasteiro — ele diz. — Quem é daqui sabe quem es;legitima;SUBSTITUIR POR JUSTIFICATIVA HUMANA ESPECÍFICA
hoover-mcfadden-aprovado-01;hoover-mcfadden;calibracao;aprovada;samples/hoover-mcfadden/aprovado-01.md;934039ab66174f414a076641bb29298a5d8f74e28cddf14e4aee546cdd7acb80;detectada;metafora_elaborada;3;como se o mundo coubesse naquela haste. Ladrão, penso. Foi ladrão. Corre boato;legitima;SUBSTITUIR POR JUSTIFICATIVA HUMANA ESPECÍFICA
hoover-mcfadden-aprovado-01;hoover-mcfadden;calibracao;aprovada;samples/hoover-mcfadden/aprovado-01.md;934039ab66174f414a076641bb29298a5d8f74e28cddf14e4aee546cdd7acb80;atestacao;metafora_elaborada;;;validado;SUBSTITUIR POR ATESTAÇÃO HUMANA DE REVISÃO INTEGRAL DESTE SINAL
hoover-mcfadden-aprovado-01;hoover-mcfadden;calibracao;aprovada;samples/hoover-mcfadden/aprovado-01.md;934039ab66174f414a076641bb29298a5d8f74e28cddf14e4aee546cdd7acb80;detectada;cadencia.fragmentos colados (≤4 palavras);1;Empurro a folha. A dobradiça grita.;legitima;SUBSTITUIR POR JUSTIFICATIVA HUMANA ESPECÍFICA
hoover-mcfadden-aprovado-01;hoover-mcfadden;calibracao;aprovada;samples/hoover-mcfadden/aprovado-01.md;934039ab66174f414a076641bb29298a5d8f74e28cddf14e4aee546cdd7acb80;detectada;cadencia.fragmentos colados (≤4 palavras);2;Poda custa dinheiro. Batente novo custa mais.;legitima;SUBSTITUIR POR JUSTIFICATIVA HUMANA ESPECÍFICA
hoover-mcfadden-aprovado-01;hoover-mcfadden;calibracao;aprovada;samples/hoover-mcfadden/aprovado-01.md;934039ab66174f414a076641bb29298a5d8f74e28cddf14e4aee546cdd7acb80;detectada;cadencia.fragmentos colados (≤4 palavras);3;Seca no verso. Cocciniglia, provável.;legitima;SUBSTITUIR POR JUSTIFICATIVA HUMANA ESPECÍFICA
hoover-mcfadden-aprovado-01;hoover-mcfadden;calibracao;aprovada;samples/hoover-mcfadden/aprovado-01.md;934039ab66174f414a076641bb29298a5d8f74e28cddf14e4aee546cdd7acb80;detectada;cadencia.fragmentos colados (≤4 palavras);4;Recuo. Não vim morar.;legitima;SUBSTITUIR POR JUSTIFICATIVA HUMANA ESPECÍFICA
hoover-mcfadden-aprovado-01;hoover-mcfadden;calibracao;aprovada;samples/hoover-mcfadden/aprovado-01.md;934039ab66174f414a076641bb29298a5d8f74e28cddf14e4aee546cdd7acb80;detectada;cadencia.fragmentos colados (≤4 palavras);5;É simples. Vim porque era simples.;legitima;SUBSTITUIR POR JUSTIFICATIVA HUMANA ESPECÍFICA
hoover-mcfadden-aprovado-01;hoover-mcfadden;calibracao;aprovada;samples/hoover-mcfadden/aprovado-01.md;934039ab66174f414a076641bb29298a5d8f74e28cddf14e4aee546cdd7acb80;detectada;cadencia.fragmentos colados (≤4 palavras);6;Não flor de enfeite. Flor plantada.;legitima;SUBSTITUIR POR JUSTIFICATIVA HUMANA ESPECÍFICA
hoover-mcfadden-aprovado-01;hoover-mcfadden;calibracao;aprovada;samples/hoover-mcfadden/aprovado-01.md;934039ab66174f414a076641bb29298a5d8f74e28cddf14e4aee546cdd7acb80;detectada;cadencia.fragmentos colados (≤4 palavras);7;Me viro. Não o ouvi chegar.;legitima;SUBSTITUIR POR JUSTIFICATIVA HUMANA ESPECÍFICA
hoover-mcfadden-aprovado-01;hoover-mcfadden;calibracao;aprovada;samples/hoover-mcfadden/aprovado-01.md;934039ab66174f414a076641bb29298a5d8f74e28cddf14e4aee546cdd7acb80;detectada;cadencia.fragmentos colados (≤4 palavras);8;Meu maxilar trava. Poderia responder.;legitima;SUBSTITUIR POR JUSTIFICATIVA HUMANA ESPECÍFICA
hoover-mcfadden-aprovado-01;hoover-mcfadden;calibracao;aprovada;samples/hoover-mcfadden/aprovado-01.md;934039ab66174f414a076641bb29298a5d8f74e28cddf14e4aee546cdd7acb80;detectada;cadencia.fragmentos colados (≤4 palavras);9;Está aberta. Paro.;legitima;SUBSTITUIR POR JUSTIFICATIVA HUMANA ESPECÍFICA
hoover-mcfadden-aprovado-01;hoover-mcfadden;calibracao;aprovada;samples/hoover-mcfadden/aprovado-01.md;934039ab66174f414a076641bb29298a5d8f74e28cddf14e4aee546cdd7acb80;detectada;cadencia.fragmentos colados (≤4 palavras);10;Paro. Não é cova funda.;legitima;SUBSTITUIR POR JUSTIFICATIVA HUMANA ESPECÍFICA
hoover-mcfadden-aprovado-01;hoover-mcfadden;calibracao;aprovada;samples/hoover-mcfadden/aprovado-01.md;934039ab66174f414a076641bb29298a5d8f74e28cddf14e4aee546cdd7acb80;detectada;cadencia.fragmentos colados (≤4 palavras);11;Ladrão, penso. Foi ladrão.;legitima;SUBSTITUIR POR JUSTIFICATIVA HUMANA ESPECÍFICA
hoover-mcfadden-aprovado-01;hoover-mcfadden;calibracao;aprovada;samples/hoover-mcfadden/aprovado-01.md;934039ab66174f414a076641bb29298a5d8f74e28cddf14e4aee546cdd7acb80;detectada;cadencia.fragmentos colados (≤4 palavras);12;Me agacho na beira. Não devia.;legitima;SUBSTITUIR POR JUSTIFICATIVA HUMANA ESPECÍFICA
hoover-mcfadden-aprovado-01;hoover-mcfadden;calibracao;aprovada;samples/hoover-mcfadden/aprovado-01.md;934039ab66174f414a076641bb29298a5d8f74e28cddf14e4aee546cdd7acb80;detectada;cadencia.fragmentos colados (≤4 palavras);13;Novembro de 31. Março de 32.;legitima;SUBSTITUIR POR JUSTIFICATIVA HUMANA ESPECÍFICA
hoover-mcfadden-aprovado-01;hoover-mcfadden;calibracao;aprovada;samples/hoover-mcfadden/aprovado-01.md;934039ab66174f414a076641bb29298a5d8f74e28cddf14e4aee546cdd7acb80;detectada;cadencia.fragmentos colados (≤4 palavras);14;Cabe na explicação. Quase cabe.;legitima;SUBSTITUIR POR JUSTIFICATIVA HUMANA ESPECÍFICA
hoover-mcfadden-aprovado-01;hoover-mcfadden;calibracao;aprovada;samples/hoover-mcfadden/aprovado-01.md;934039ab66174f414a076641bb29298a5d8f74e28cddf14e4aee546cdd7acb80;detectada;cadencia.fragmentos colados (≤4 palavras);15;*É dela. Esta letra é dela.*;legitima;SUBSTITUIR POR JUSTIFICATIVA HUMANA ESPECÍFICA
hoover-mcfadden-aprovado-01;hoover-mcfadden;calibracao;aprovada;samples/hoover-mcfadden/aprovado-01.md;934039ab66174f414a076641bb29298a5d8f74e28cddf14e4aee546cdd7acb80;detectada;cadencia.fragmentos colados (≤4 palavras);16;Esta letra é dela.* Fico ali.;legitima;SUBSTITUIR POR JUSTIFICATIVA HUMANA ESPECÍFICA
hoover-mcfadden-aprovado-01;hoover-mcfadden;calibracao;aprovada;samples/hoover-mcfadden/aprovado-01.md;934039ab66174f414a076641bb29298a5d8f74e28cddf14e4aee546cdd7acb80;atestacao;cadencia.fragmentos colados (≤4 palavras);;;validado;SUBSTITUIR POR ATESTAÇÃO HUMANA DE REVISÃO INTEGRAL DESTE SINAL
hoover-mcfadden-aprovado-01;hoover-mcfadden;calibracao;aprovada;samples/hoover-mcfadden/aprovado-01.md;934039ab66174f414a076641bb29298a5d8f74e28cddf14e4aee546cdd7acb80;atestacao;cadencia.staccato (frases curtas);;;validado;SUBSTITUIR POR ATESTAÇÃO HUMANA DE REVISÃO INTEGRAL DESTE SINAL
hoover-mcfadden-aprovado-01;hoover-mcfadden;calibracao;aprovada;samples/hoover-mcfadden/aprovado-01.md;934039ab66174f414a076641bb29298a5d8f74e28cddf14e4aee546cdd7acb80;detectada;cadencia.clipe de negação curto;1;Não me importei.;legitima;SUBSTITUIR POR JUSTIFICATIVA HUMANA ESPECÍFICA
hoover-mcfadden-aprovado-01;hoover-mcfadden;calibracao;aprovada;samples/hoover-mcfadden/aprovado-01.md;934039ab66174f414a076641bb29298a5d8f74e28cddf14e4aee546cdd7acb80;detectada;cadencia.clipe de negação curto;2;Não cede.;legitima;SUBSTITUIR POR JUSTIFICATIVA HUMANA ESPECÍFICA
hoover-mcfadden-aprovado-01;hoover-mcfadden;calibracao;aprovada;samples/hoover-mcfadden/aprovado-01.md;934039ab66174f414a076641bb29298a5d8f74e28cddf14e4aee546cdd7acb80;detectada;cadencia.clipe de negação curto;3;Não vim morar.;legitima;SUBSTITUIR POR JUSTIFICATIVA HUMANA ESPECÍFICA
hoover-mcfadden-aprovado-01;hoover-mcfadden;calibracao;aprovada;samples/hoover-mcfadden/aprovado-01.md;934039ab66174f414a076641bb29298a5d8f74e28cddf14e4aee546cdd7acb80;detectada;cadencia.clipe de negação curto;4;Não é conselho.;legitima;SUBSTITUIR POR JUSTIFICATIVA HUMANA ESPECÍFICA
hoover-mcfadden-aprovado-01;hoover-mcfadden;calibracao;aprovada;samples/hoover-mcfadden/aprovado-01.md;934039ab66174f414a076641bb29298a5d8f74e28cddf14e4aee546cdd7acb80;detectada;cadencia.clipe de negação curto;5;Não devia.;legitima;SUBSTITUIR POR JUSTIFICATIVA HUMANA ESPECÍFICA
hoover-mcfadden-aprovado-01;hoover-mcfadden;calibracao;aprovada;samples/hoover-mcfadden/aprovado-01.md;934039ab66174f414a076641bb29298a5d8f74e28cddf14e4aee546cdd7acb80;atestacao;cadencia.clipe de negação curto;;;validado;SUBSTITUIR POR ATESTAÇÃO HUMANA DE REVISÃO INTEGRAL DESTE SINAL
hoover-mcfadden-aprovado-01;hoover-mcfadden;calibracao;aprovada;samples/hoover-mcfadden/aprovado-01.md;934039ab66174f414a076641bb29298a5d8f74e28cddf14e4aee546cdd7acb80;detectada;cadencia.anáfora (frases coladas, mesmo início);1;Prefiro chegar a pé nos lugares que vou vender. / Prefiro sentir a inclinação do terreno sob a sola do sapato ;legitima;SUBSTITUIR POR JUSTIFICATIVA HUMANA ESPECÍFICA
hoover-mcfadden-aprovado-01;hoover-mcfadden;calibracao;aprovada;samples/hoover-mcfadden/aprovado-01.md;934039ab66174f414a076641bb29298a5d8f74e28cddf14e4aee546cdd7acb80;detectada;cadencia.anáfora (frases coladas, mesmo início);2;Tudo isto foi próspero. / Tudo isto rendeu, um dia, o suficiente para sustentar uma família que se dava ao lux;legitima;SUBSTITUIR POR JUSTIFICATIVA HUMANA ESPECÍFICA
hoover-mcfadden-aprovado-01;hoover-mcfadden;calibracao;aprovada;samples/hoover-mcfadden/aprovado-01.md;934039ab66174f414a076641bb29298a5d8f74e28cddf14e4aee546cdd7acb80;detectada;cadencia.anáfora (frases coladas, mesmo início);3;Talvez seja religião. / Talvez luto por gente pobre demais para pagar cantaria.;legitima;SUBSTITUIR POR JUSTIFICATIVA HUMANA ESPECÍFICA
hoover-mcfadden-aprovado-01;hoover-mcfadden;calibracao;aprovada;samples/hoover-mcfadden/aprovado-01.md;934039ab66174f414a076641bb29298a5d8f74e28cddf14e4aee546cdd7acb80;detectada;cadencia.anáfora (frases coladas, mesmo início);4;Talvez luto por gente pobre demais para pagar cantaria. / Talvez só o gosto mórbido de alguém que já morreu e ;legitima;SUBSTITUIR POR JUSTIFICATIVA HUMANA ESPECÍFICA
hoover-mcfadden-aprovado-01;hoover-mcfadden;calibracao;aprovada;samples/hoover-mcfadden/aprovado-01.md;934039ab66174f414a076641bb29298a5d8f74e28cddf14e4aee546cdd7acb80;detectada;cadencia.anáfora (frases coladas, mesmo início);5;Poderia responder. / Poderia lembrá-lo de que a pedra que ele guarda tão bem agora é minha para vender.;legitima;SUBSTITUIR POR JUSTIFICATIVA HUMANA ESPECÍFICA
hoover-mcfadden-aprovado-01;hoover-mcfadden;calibracao;aprovada;samples/hoover-mcfadden/aprovado-01.md;934039ab66174f414a076641bb29298a5d8f74e28cddf14e4aee546cdd7acb80;detectada;cadencia.anáfora (frases coladas, mesmo início);6;Depois 1933. / Depois mais, mais tarde ainda, papel menos velho, tinta menos morta.;legitima;SUBSTITUIR POR JUSTIFICATIVA HUMANA ESPECÍFICA
hoover-mcfadden-aprovado-01;hoover-mcfadden;calibracao;aprovada;samples/hoover-mcfadden/aprovado-01.md;934039ab66174f414a076641bb29298a5d8f74e28cddf14e4aee546cdd7acb80;atestacao;cadencia.anáfora (frases coladas, mesmo início);;;validado;SUBSTITUIR POR ATESTAÇÃO HUMANA DE REVISÃO INTEGRAL DESTE SINAL
hoover-mcfadden-aprovado-01;hoover-mcfadden;calibracao;aprovada;samples/hoover-mcfadden/aprovado-01.md;934039ab66174f414a076641bb29298a5d8f74e28cddf14e4aee546cdd7acb80;atestacao;cadencia.epigrama antitético;;;validado;SUBSTITUIR POR ATESTAÇÃO HUMANA DE REVISÃO INTEGRAL DESTE SINAL
hoover-mcfadden-aprovado-01;hoover-mcfadden;calibracao;aprovada;samples/hoover-mcfadden/aprovado-01.md;934039ab66174f414a076641bb29298a5d8f74e28cddf14e4aee546cdd7acb80;detectada;cadencia.fragmento de ênfase (Regra 4 ≤1–2);1;Não me importei.;legitima;SUBSTITUIR POR JUSTIFICATIVA HUMANA ESPECÍFICA
hoover-mcfadden-aprovado-01;hoover-mcfadden;calibracao;aprovada;samples/hoover-mcfadden/aprovado-01.md;934039ab66174f414a076641bb29298a5d8f74e28cddf14e4aee546cdd7acb80;detectada;cadencia.fragmento de ênfase (Regra 4 ≤1–2);2;Subo.;legitima;SUBSTITUIR POR JUSTIFICATIVA HUMANA ESPECÍFICA
hoover-mcfadden-aprovado-01;hoover-mcfadden;calibracao;aprovada;samples/hoover-mcfadden/aprovado-01.md;934039ab66174f414a076641bb29298a5d8f74e28cddf14e4aee546cdd7acb80;detectada;cadencia.fragmento de ênfase (Regra 4 ≤1–2);3;Cocciniglia, provável.;legitima;SUBSTITUIR POR JUSTIFICATIVA HUMANA ESPECÍFICA
hoover-mcfadden-aprovado-01;hoover-mcfadden;calibracao;aprovada;samples/hoover-mcfadden/aprovado-01.md;934039ab66174f414a076641bb29298a5d8f74e28cddf14e4aee546cdd7acb80;detectada;cadencia.fragmento de ênfase (Regra 4 ≤1–2);4;Não cede.;legitima;SUBSTITUIR POR JUSTIFICATIVA HUMANA ESPECÍFICA
hoover-mcfadden-aprovado-01;hoover-mcfadden;calibracao;aprovada;samples/hoover-mcfadden/aprovado-01.md;934039ab66174f414a076641bb29298a5d8f74e28cddf14e4aee546cdd7acb80;detectada;cadencia.fragmento de ênfase (Regra 4 ≤1–2);5;Recuo.;legitima;SUBSTITUIR POR JUSTIFICATIVA HUMANA ESPECÍFICA
hoover-mcfadden-aprovado-01;hoover-mcfadden;calibracao;aprovada;samples/hoover-mcfadden/aprovado-01.md;934039ab66174f414a076641bb29298a5d8f74e28cddf14e4aee546cdd7acb80;detectada;cadencia.fragmento de ênfase (Regra 4 ≤1–2);6;Não vim morar.;legitima;SUBSTITUIR POR JUSTIFICATIVA HUMANA ESPECÍFICA
hoover-mcfadden-aprovado-01;hoover-mcfadden;calibracao;aprovada;samples/hoover-mcfadden/aprovado-01.md;934039ab66174f414a076641bb29298a5d8f74e28cddf14e4aee546cdd7acb80;detectada;cadencia.fragmento de ênfase (Regra 4 ≤1–2);7;É simples.;legitima;SUBSTITUIR POR JUSTIFICATIVA HUMANA ESPECÍFICA
hoover-mcfadden-aprovado-01;hoover-mcfadden;calibracao;aprovada;samples/hoover-mcfadden/aprovado-01.md;934039ab66174f414a076641bb29298a5d8f74e28cddf14e4aee546cdd7acb80;detectada;cadencia.fragmento de ênfase (Regra 4 ≤1–2);8;Flor plantada.;legitima;SUBSTITUIR POR JUSTIFICATIVA HUMANA ESPECÍFICA
hoover-mcfadden-aprovado-01;hoover-mcfadden;calibracao;aprovada;samples/hoover-mcfadden/aprovado-01.md;934039ab66174f414a076641bb29298a5d8f74e28cddf14e4aee546cdd7acb80;detectada;cadencia.fragmento de ênfase (Regra 4 ≤1–2);9;Lisa mesmo.;legitima;SUBSTITUIR POR JUSTIFICATIVA HUMANA ESPECÍFICA
hoover-mcfadden-aprovado-01;hoover-mcfadden;calibracao;aprovada;samples/hoover-mcfadden/aprovado-01.md;934039ab66174f414a076641bb29298a5d8f74e28cddf14e4aee546cdd7acb80;detectada;cadencia.fragmento de ênfase (Regra 4 ≤1–2);10;Me viro.;legitima;SUBSTITUIR POR JUSTIFICATIVA HUMANA ESPECÍFICA
hoover-mcfadden-aprovado-01;hoover-mcfadden;calibracao;aprovada;samples/hoover-mcfadden/aprovado-01.md;934039ab66174f414a076641bb29298a5d8f74e28cddf14e4aee546cdd7acb80;detectada;cadencia.fragmento de ênfase (Regra 4 ≤1–2);11;Não é conselho.;legitima;SUBSTITUIR POR JUSTIFICATIVA HUMANA ESPECÍFICA
hoover-mcfadden-aprovado-01;hoover-mcfadden;calibracao;aprovada;samples/hoover-mcfadden/aprovado-01.md;934039ab66174f414a076641bb29298a5d8f74e28cddf14e4aee546cdd7acb80;detectada;cadencia.fragmento de ênfase (Regra 4 ≤1–2);12;Poderia responder.;legitima;SUBSTITUIR POR JUSTIFICATIVA HUMANA ESPECÍFICA
hoover-mcfadden-aprovado-01;hoover-mcfadden;calibracao;aprovada;samples/hoover-mcfadden/aprovado-01.md;934039ab66174f414a076641bb29298a5d8f74e28cddf14e4aee546cdd7acb80;detectada;cadencia.fragmento de ênfase (Regra 4 ≤1–2);13;Está aberta.;legitima;SUBSTITUIR POR JUSTIFICATIVA HUMANA ESPECÍFICA
hoover-mcfadden-aprovado-01;hoover-mcfadden;calibracao;aprovada;samples/hoover-mcfadden/aprovado-01.md;934039ab66174f414a076641bb29298a5d8f74e28cddf14e4aee546cdd7acb80;detectada;cadencia.fragmento de ênfase (Regra 4 ≤1–2);14;Paro.;legitima;SUBSTITUIR POR JUSTIFICATIVA HUMANA ESPECÍFICA
hoover-mcfadden-aprovado-01;hoover-mcfadden;calibracao;aprovada;samples/hoover-mcfadden/aprovado-01.md;934039ab66174f414a076641bb29298a5d8f74e28cddf14e4aee546cdd7acb80;detectada;cadencia.fragmento de ênfase (Regra 4 ≤1–2);15;Ladrão, penso.;legitima;SUBSTITUIR POR JUSTIFICATIVA HUMANA ESPECÍFICA
hoover-mcfadden-aprovado-01;hoover-mcfadden;calibracao;aprovada;samples/hoover-mcfadden/aprovado-01.md;934039ab66174f414a076641bb29298a5d8f74e28cddf14e4aee546cdd7acb80;detectada;cadencia.fragmento de ênfase (Regra 4 ≤1–2);16;Foi ladrão.;legitima;SUBSTITUIR POR JUSTIFICATIVA HUMANA ESPECÍFICA
hoover-mcfadden-aprovado-01;hoover-mcfadden;calibracao;aprovada;samples/hoover-mcfadden/aprovado-01.md;934039ab66174f414a076641bb29298a5d8f74e28cddf14e4aee546cdd7acb80;detectada;cadencia.fragmento de ênfase (Regra 4 ≤1–2);17;Não devia.;legitima;SUBSTITUIR POR JUSTIFICATIVA HUMANA ESPECÍFICA
hoover-mcfadden-aprovado-01;hoover-mcfadden;calibracao;aprovada;samples/hoover-mcfadden/aprovado-01.md;934039ab66174f414a076641bb29298a5d8f74e28cddf14e4aee546cdd7acb80;detectada;cadencia.fragmento de ênfase (Regra 4 ≤1–2);18;Encerado.;legitima;SUBSTITUIR POR JUSTIFICATIVA HUMANA ESPECÍFICA
hoover-mcfadden-aprovado-01;hoover-mcfadden;calibracao;aprovada;samples/hoover-mcfadden/aprovado-01.md;934039ab66174f414a076641bb29298a5d8f74e28cddf14e4aee546cdd7acb80;detectada;cadencia.fragmento de ênfase (Regra 4 ≤1–2);19;*Delia.*;legitima;SUBSTITUIR POR JUSTIFICATIVA HUMANA ESPECÍFICA
hoover-mcfadden-aprovado-01;hoover-mcfadden;calibracao;aprovada;samples/hoover-mcfadden/aprovado-01.md;934039ab66174f414a076641bb29298a5d8f74e28cddf14e4aee546cdd7acb80;detectada;cadencia.fragmento de ênfase (Regra 4 ≤1–2);20;1931.;legitima;SUBSTITUIR POR JUSTIFICATIVA HUMANA ESPECÍFICA
hoover-mcfadden-aprovado-01;hoover-mcfadden;calibracao;aprovada;samples/hoover-mcfadden/aprovado-01.md;934039ab66174f414a076641bb29298a5d8f74e28cddf14e4aee546cdd7acb80;detectada;cadencia.fragmento de ênfase (Regra 4 ≤1–2);21;Depois 1933.;legitima;SUBSTITUIR POR JUSTIFICATIVA HUMANA ESPECÍFICA
hoover-mcfadden-aprovado-01;hoover-mcfadden;calibracao;aprovada;samples/hoover-mcfadden/aprovado-01.md;934039ab66174f414a076641bb29298a5d8f74e28cddf14e4aee546cdd7acb80;detectada;cadencia.fragmento de ênfase (Regra 4 ≤1–2);22;Quase cabe.;legitima;SUBSTITUIR POR JUSTIFICATIVA HUMANA ESPECÍFICA
hoover-mcfadden-aprovado-01;hoover-mcfadden;calibracao;aprovada;samples/hoover-mcfadden/aprovado-01.md;934039ab66174f414a076641bb29298a5d8f74e28cddf14e4aee546cdd7acb80;detectada;cadencia.fragmento de ênfase (Regra 4 ≤1–2);23;*É dela.;legitima;SUBSTITUIR POR JUSTIFICATIVA HUMANA ESPECÍFICA
hoover-mcfadden-aprovado-01;hoover-mcfadden;calibracao;aprovada;samples/hoover-mcfadden/aprovado-01.md;934039ab66174f414a076641bb29298a5d8f74e28cddf14e4aee546cdd7acb80;detectada;cadencia.fragmento de ênfase (Regra 4 ≤1–2);24;Fico ali.;legitima;SUBSTITUIR POR JUSTIFICATIVA HUMANA ESPECÍFICA
hoover-mcfadden-aprovado-01;hoover-mcfadden;calibracao;aprovada;samples/hoover-mcfadden/aprovado-01.md;934039ab66174f414a076641bb29298a5d8f74e28cddf14e4aee546cdd7acb80;atestacao;cadencia.fragmento de ênfase (Regra 4 ≤1–2);;;validado;SUBSTITUIR POR ATESTAÇÃO HUMANA DE REVISÃO INTEGRAL DESTE SINAL
hoover-mcfadden-aprovado-01;hoover-mcfadden;calibracao;aprovada;samples/hoover-mcfadden/aprovado-01.md;934039ab66174f414a076641bb29298a5d8f74e28cddf14e4aee546cdd7acb80;atestacao;cadencia.fragmentos de ênfase COLADOS (Regra 4: nunca dois);;;validado;SUBSTITUIR POR ATESTAÇÃO HUMANA DE REVISÃO INTEGRAL DESTE SINAL
hoover-mcfadden-aprovado-01;hoover-mcfadden;calibracao;aprovada;samples/hoover-mcfadden/aprovado-01.md;934039ab66174f414a076641bb29298a5d8f74e28cddf14e4aee546cdd7acb80;detectada;cadencia.pensamento em itálico (Regra 4 ≤2–3);1;qui giace;legitima;SUBSTITUIR POR JUSTIFICATIVA HUMANA ESPECÍFICA
hoover-mcfadden-aprovado-01;hoover-mcfadden;calibracao;aprovada;samples/hoover-mcfadden/aprovado-01.md;934039ab66174f414a076641bb29298a5d8f74e28cddf14e4aee546cdd7acb80;detectada;cadencia.pensamento em itálico (Regra 4 ≤2–3);2;Delia.;legitima;SUBSTITUIR POR JUSTIFICATIVA HUMANA ESPECÍFICA
hoover-mcfadden-aprovado-01;hoover-mcfadden;calibracao;aprovada;samples/hoover-mcfadden/aprovado-01.md;934039ab66174f414a076641bb29298a5d8f74e28cddf14e4aee546cdd7acb80;detectada;cadencia.pensamento em itálico (Regra 4 ≤2–3);3;sua mãe morreu, criança, que Deus a tenha.;legitima;SUBSTITUIR POR JUSTIFICATIVA HUMANA ESPECÍFICA
hoover-mcfadden-aprovado-01;hoover-mcfadden;calibracao;aprovada;samples/hoover-mcfadden/aprovado-01.md;934039ab66174f414a076641bb29298a5d8f74e28cddf14e4aee546cdd7acb80;detectada;cadencia.pensamento em itálico (Regra 4 ≤2–3);4;Minha querida, a geada chegou cedo este ano e as abelhas —;legitima;SUBSTITUIR POR JUSTIFICATIVA HUMANA ESPECÍFICA
hoover-mcfadden-aprovado-01;hoover-mcfadden;calibracao;aprovada;samples/hoover-mcfadden/aprovado-01.md;934039ab66174f414a076641bb29298a5d8f74e28cddf14e4aee546cdd7acb80;detectada;cadencia.pensamento em itálico (Regra 4 ≤2–3);5;12 de outubro de 1931.;legitima;SUBSTITUIR POR JUSTIFICATIVA HUMANA ESPECÍFICA
hoover-mcfadden-aprovado-01;hoover-mcfadden;calibracao;aprovada;samples/hoover-mcfadden/aprovado-01.md;934039ab66174f414a076641bb29298a5d8f74e28cddf14e4aee546cdd7acb80;detectada;cadencia.pensamento em itálico (Regra 4 ≤2–3);6;É dela. Esta letra é dela.;legitima;SUBSTITUIR POR JUSTIFICATIVA HUMANA ESPECÍFICA
hoover-mcfadden-aprovado-01;hoover-mcfadden;calibracao;aprovada;samples/hoover-mcfadden/aprovado-01.md;934039ab66174f414a076641bb29298a5d8f74e28cddf14e4aee546cdd7acb80;atestacao;cadencia.pensamento em itálico (Regra 4 ≤2–3);;;validado;SUBSTITUIR POR ATESTAÇÃO HUMANA DE REVISÃO INTEGRAL DESTE SINAL
hoover-mcfadden-aprovado-01;hoover-mcfadden;calibracao;aprovada;samples/hoover-mcfadden/aprovado-01.md;934039ab66174f414a076641bb29298a5d8f74e28cddf14e4aee546cdd7acb80;atestacao;cadencia.pergunta retórica (Regra 4 ≤1–2);;;validado;SUBSTITUIR POR ATESTAÇÃO HUMANA DE REVISÃO INTEGRAL DESTE SINAL
hoover-mcfadden-aprovado-02;hoover-mcfadden;calibracao;aprovada;samples/hoover-mcfadden/aprovado-02.md;6581e727f42e8f0eb95e00e6cbc19d69cbaff1e6e8f169ac3be4e298e65ac375;detectada;gnomico;1;As cartas cabem dentro do casaco.;legitima;SUBSTITUIR POR JUSTIFICATIVA HUMANA ESPECÍFICA
hoover-mcfadden-aprovado-02;hoover-mcfadden;calibracao;aprovada;samples/hoover-mcfadden/aprovado-02.md;6581e727f42e8f0eb95e00e6cbc19d69cbaff1e6e8f169ac3be4e298e65ac375;detectada;gnomico;2;cavas não fecham sozinhas.;legitima;SUBSTITUIR POR JUSTIFICATIVA HUMANA ESPECÍFICA
hoover-mcfadden-aprovado-02;hoover-mcfadden;calibracao;aprovada;samples/hoover-mcfadden/aprovado-02.md;6581e727f42e8f0eb95e00e6cbc19d69cbaff1e6e8f169ac3be4e298e65ac375;detectada;gnomico;3;Quem cava para roubar joga a terra para fora, para longe, para abrir caminho.;legitima;SUBSTITUIR POR JUSTIFICATIVA HUMANA ESPECÍFICA
hoover-mcfadden-aprovado-02;hoover-mcfadden;calibracao;aprovada;samples/hoover-mcfadden/aprovado-02.md;6581e727f42e8f0eb95e00e6cbc19d69cbaff1e6e8f169ac3be4e298e65ac375;atestacao;gnomico;;;validado;SUBSTITUIR POR ATESTAÇÃO HUMANA DE REVISÃO INTEGRAL DESTE SINAL
hoover-mcfadden-aprovado-02;hoover-mcfadden;calibracao;aprovada;samples/hoover-mcfadden/aprovado-02.md;6581e727f42e8f0eb95e00e6cbc19d69cbaff1e6e8f169ac3be4e298e65ac375;detectada;personificacao;1;Mãos grandes, os nós marcados, um calo antigo na base do polegar direito — a mão de quem trabalha co;legitima;SUBSTITUIR POR JUSTIFICATIVA HUMANA ESPECÍFICA
hoover-mcfadden-aprovado-02;hoover-mcfadden;calibracao;aprovada;samples/hoover-mcfadden/aprovado-02.md;6581e727f42e8f0eb95e00e6cbc19d69cbaff1e6e8f169ac3be4e298e65ac375;detectada;personificacao;2;Fico com a mão fechada em volta do cabo da enxada um segundo a mais do que precisava.;legitima;SUBSTITUIR POR JUSTIFICATIVA HUMANA ESPECÍFICA
hoover-mcfadden-aprovado-02;hoover-mcfadden;calibracao;aprovada;samples/hoover-mcfadden/aprovado-02.md;6581e727f42e8f0eb95e00e6cbc19d69cbaff1e6e8f169ac3be4e298e65ac375;detectada;personificacao;3;Elas não olham o cacho enquanto cortam — olham o próximo, a tesoura já buscando o pé seguinte antes ;legitima;SUBSTITUIR POR JUSTIFICATIVA HUMANA ESPECÍFICA
hoover-mcfadden-aprovado-02;hoover-mcfadden;calibracao;aprovada;samples/hoover-mcfadden/aprovado-02.md;6581e727f42e8f0eb95e00e6cbc19d69cbaff1e6e8f169ac3be4e298e65ac375;detectada;personificacao;4;Ninguém me disse que era rápido assim, que a terra cobra pressa.;legitima;SUBSTITUIR POR JUSTIFICATIVA HUMANA ESPECÍFICA
hoover-mcfadden-aprovado-02;hoover-mcfadden;calibracao;aprovada;samples/hoover-mcfadden/aprovado-02.md;6581e727f42e8f0eb95e00e6cbc19d69cbaff1e6e8f169ac3be4e298e65ac375;atestacao;personificacao;;;validado;SUBSTITUIR POR ATESTAÇÃO HUMANA DE REVISÃO INTEGRAL DESTE SINAL
hoover-mcfadden-aprovado-02;hoover-mcfadden;calibracao;aprovada;samples/hoover-mcfadden/aprovado-02.md;6581e727f42e8f0eb95e00e6cbc19d69cbaff1e6e8f169ac3be4e298e65ac375;detectada;sanfona;1;Se baixa de cócoras à beira da cova, do jeito de quem lê o chão, e passa a mão sobre a terra empilhada — para ;legitima;SUBSTITUIR POR JUSTIFICATIVA HUMANA ESPECÍFICA
hoover-mcfadden-aprovado-02;hoover-mcfadden;calibracao;aprovada;samples/hoover-mcfadden/aprovado-02.md;6581e727f42e8f0eb95e00e6cbc19d69cbaff1e6e8f169ac3be4e298e65ac375;detectada;sanfona;2;Reparo, e guardo o reparo num bolso fundo, e não digo nada, porque dizer exigiria uma pergunta que eu ainda nã;legitima;SUBSTITUIR POR JUSTIFICATIVA HUMANA ESPECÍFICA
hoover-mcfadden-aprovado-02;hoover-mcfadden;calibracao;aprovada;samples/hoover-mcfadden/aprovado-02.md;6581e727f42e8f0eb95e00e6cbc19d69cbaff1e6e8f169ac3be4e298e65ac375;detectada;sanfona;3;Guardo a enxada no mesmo bolso fundo onde guardei a argila seca — zelo de administrador, deixo onde uso, poupa;legitima;SUBSTITUIR POR JUSTIFICATIVA HUMANA ESPECÍFICA
hoover-mcfadden-aprovado-02;hoover-mcfadden;calibracao;aprovada;samples/hoover-mcfadden/aprovado-02.md;6581e727f42e8f0eb95e00e6cbc19d69cbaff1e6e8f169ac3be4e298e65ac375;detectada;sanfona;4;Sei da palavra, sei do vinho no fim, não sei disto: mulheres de lenço na cabeça agachadas entre as fileiras, t;legitima;SUBSTITUIR POR JUSTIFICATIVA HUMANA ESPECÍFICA
hoover-mcfadden-aprovado-02;hoover-mcfadden;calibracao;aprovada;samples/hoover-mcfadden/aprovado-02.md;6581e727f42e8f0eb95e00e6cbc19d69cbaff1e6e8f169ac3be4e298e65ac375;detectada;sanfona;5;O cheiro me chega antes do resto — doce, fermentado, pesado, um cheiro que gruda no fundo da garganta e não é ;legitima;SUBSTITUIR POR JUSTIFICATIVA HUMANA ESPECÍFICA
hoover-mcfadden-aprovado-02;hoover-mcfadden;calibracao;aprovada;samples/hoover-mcfadden/aprovado-02.md;6581e727f42e8f0eb95e00e6cbc19d69cbaff1e6e8f169ac3be4e298e65ac375;detectada;sanfona;6;Uma delas, a mais velha, corta e limpa o cacho no mesmo gesto, deixando na terra a uva podre que estragaria o ;legitima;SUBSTITUIR POR JUSTIFICATIVA HUMANA ESPECÍFICA
hoover-mcfadden-aprovado-02;hoover-mcfadden;calibracao;aprovada;samples/hoover-mcfadden/aprovado-02.md;6581e727f42e8f0eb95e00e6cbc19d69cbaff1e6e8f169ac3be4e298e65ac375;detectada;sanfona;7;Olho a encosta com outros olhos por um instante — fileiras bem tratadas, sim, mas falhas nas pontas, estacas t;legitima;SUBSTITUIR POR JUSTIFICATIVA HUMANA ESPECÍFICA
hoover-mcfadden-aprovado-02;hoover-mcfadden;calibracao;aprovada;samples/hoover-mcfadden/aprovado-02.md;6581e727f42e8f0eb95e00e6cbc19d69cbaff1e6e8f169ac3be4e298e65ac375;detectada;sanfona;8;Ele fala das tinas, da prensa, dos barris que descem para a cave de pedra, e fala com as mãos, tocando a madei;legitima;SUBSTITUIR POR JUSTIFICATIVA HUMANA ESPECÍFICA
hoover-mcfadden-aprovado-02;hoover-mcfadden;calibracao;aprovada;samples/hoover-mcfadden/aprovado-02.md;6581e727f42e8f0eb95e00e6cbc19d69cbaff1e6e8f169ac3be4e298e65ac375;detectada;sanfona;9;Os ciprestes estão pretos contra o céu que apaga, e o portãozinho de ferro está aberto do jeito que deixei, e ;legitima;SUBSTITUIR POR JUSTIFICATIVA HUMANA ESPECÍFICA
hoover-mcfadden-aprovado-02;hoover-mcfadden;calibracao;aprovada;samples/hoover-mcfadden/aprovado-02.md;6581e727f42e8f0eb95e00e6cbc19d69cbaff1e6e8f169ac3be4e298e65ac375;detectada;sanfona;10;O pior é que a sopa quente parece ótima, e a companhia parece ótima, e o que não parece nada é a cova escura l;legitima;SUBSTITUIR POR JUSTIFICATIVA HUMANA ESPECÍFICA
hoover-mcfadden-aprovado-02;hoover-mcfadden;calibracao;aprovada;samples/hoover-mcfadden/aprovado-02.md;6581e727f42e8f0eb95e00e6cbc19d69cbaff1e6e8f169ac3be4e298e65ac375;atestacao;sanfona;;;validado;SUBSTITUIR POR ATESTAÇÃO HUMANA DE REVISÃO INTEGRAL DESTE SINAL
hoover-mcfadden-aprovado-02;hoover-mcfadden;calibracao;aprovada;samples/hoover-mcfadden/aprovado-02.md;6581e727f42e8f0eb95e00e6cbc19d69cbaff1e6e8f169ac3be4e298e65ac375;detectada;metafora_elaborada;1;como quem segura uma criança de colo. Devia continuar. É o que digo a mim mesma;legitima;SUBSTITUIR POR JUSTIFICATIVA HUMANA ESPECÍFICA
hoover-mcfadden-aprovado-02;hoover-mcfadden;calibracao;aprovada;samples/hoover-mcfadden/aprovado-02.md;6581e727f42e8f0eb95e00e6cbc19d69cbaff1e6e8f169ac3be4e298e65ac375;detectada;metafora_elaborada;2;como um cutucão de agulha, e eu me lembro, de repente, do que vim fazer — o opos;legitima;SUBSTITUIR POR JUSTIFICATIVA HUMANA ESPECÍFICA
hoover-mcfadden-aprovado-02;hoover-mcfadden;calibracao;aprovada;samples/hoover-mcfadden/aprovado-02.md;6581e727f42e8f0eb95e00e6cbc19d69cbaff1e6e8f169ac3be4e298e65ac375;detectada;metafora_elaborada;3;como uma reza. Funciona menos do que devia. Lorenzo olha para a cova, e depois;legitima;SUBSTITUIR POR JUSTIFICATIVA HUMANA ESPECÍFICA
hoover-mcfadden-aprovado-02;hoover-mcfadden;calibracao;aprovada;samples/hoover-mcfadden/aprovado-02.md;6581e727f42e8f0eb95e00e6cbc19d69cbaff1e6e8f169ac3be4e298e65ac375;atestacao;metafora_elaborada;;;validado;SUBSTITUIR POR ATESTAÇÃO HUMANA DE REVISÃO INTEGRAL DESTE SINAL
hoover-mcfadden-aprovado-02;hoover-mcfadden;calibracao;aprovada;samples/hoover-mcfadden/aprovado-02.md;6581e727f42e8f0eb95e00e6cbc19d69cbaff1e6e8f169ac3be4e298e65ac375;detectada;cadencia.fragmentos colados (≤4 palavras);1;Ridículo. Papel velho não pesa.;legitima;SUBSTITUIR POR JUSTIFICATIVA HUMANA ESPECÍFICA
hoover-mcfadden-aprovado-02;hoover-mcfadden;calibracao;aprovada;samples/hoover-mcfadden/aprovado-02.md;6581e727f42e8f0eb95e00e6cbc19d69cbaff1e6e8f169ac3be4e298e65ac375;detectada;cadencia.fragmentos colados (≤4 palavras);2;Não pego a mão. Levanto sozinha.;legitima;SUBSTITUIR POR JUSTIFICATIVA HUMANA ESPECÍFICA
hoover-mcfadden-aprovado-02;hoover-mcfadden;calibracao;aprovada;samples/hoover-mcfadden/aprovado-02.md;6581e727f42e8f0eb95e00e6cbc19d69cbaff1e6e8f169ac3be4e298e65ac375;detectada;cadencia.fragmentos colados (≤4 palavras);3;Rio. Não devia.;legitima;SUBSTITUIR POR JUSTIFICATIVA HUMANA ESPECÍFICA
hoover-mcfadden-aprovado-02;hoover-mcfadden;calibracao;aprovada;samples/hoover-mcfadden/aprovado-02.md;6581e727f42e8f0eb95e00e6cbc19d69cbaff1e6e8f169ac3be4e298e65ac375;detectada;cadencia.fragmentos colados (≤4 palavras);4;Paro. Ele para comigo.;legitima;SUBSTITUIR POR JUSTIFICATIVA HUMANA ESPECÍFICA
hoover-mcfadden-aprovado-02;hoover-mcfadden;calibracao;aprovada;samples/hoover-mcfadden/aprovado-02.md;6581e727f42e8f0eb95e00e6cbc19d69cbaff1e6e8f169ac3be4e298e65ac375;atestacao;cadencia.fragmentos colados (≤4 palavras);;;validado;SUBSTITUIR POR ATESTAÇÃO HUMANA DE REVISÃO INTEGRAL DESTE SINAL
hoover-mcfadden-aprovado-02;hoover-mcfadden;calibracao;aprovada;samples/hoover-mcfadden/aprovado-02.md;6581e727f42e8f0eb95e00e6cbc19d69cbaff1e6e8f169ac3be4e298e65ac375;atestacao;cadencia.staccato (frases curtas);;;validado;SUBSTITUIR POR ATESTAÇÃO HUMANA DE REVISÃO INTEGRAL DESTE SINAL
hoover-mcfadden-aprovado-02;hoover-mcfadden;calibracao;aprovada;samples/hoover-mcfadden/aprovado-02.md;6581e727f42e8f0eb95e00e6cbc19d69cbaff1e6e8f169ac3be4e298e65ac375;detectada;cadencia.clipe de negação curto;1;Não digo.;legitima;SUBSTITUIR POR JUSTIFICATIVA HUMANA ESPECÍFICA
hoover-mcfadden-aprovado-02;hoover-mcfadden;calibracao;aprovada;samples/hoover-mcfadden/aprovado-02.md;6581e727f42e8f0eb95e00e6cbc19d69cbaff1e6e8f169ac3be4e298e65ac375;detectada;cadencia.clipe de negação curto;2;Não devia.;legitima;SUBSTITUIR POR JUSTIFICATIVA HUMANA ESPECÍFICA
hoover-mcfadden-aprovado-02;hoover-mcfadden;calibracao;aprovada;samples/hoover-mcfadden/aprovado-02.md;6581e727f42e8f0eb95e00e6cbc19d69cbaff1e6e8f169ac3be4e298e65ac375;detectada;cadencia.clipe de negação curto;3;Não respondo.;legitima;SUBSTITUIR POR JUSTIFICATIVA HUMANA ESPECÍFICA
hoover-mcfadden-aprovado-02;hoover-mcfadden;calibracao;aprovada;samples/hoover-mcfadden/aprovado-02.md;6581e727f42e8f0eb95e00e6cbc19d69cbaff1e6e8f169ac3be4e298e65ac375;detectada;cadencia.clipe de negação curto;4;Não me impede.;legitima;SUBSTITUIR POR JUSTIFICATIVA HUMANA ESPECÍFICA
hoover-mcfadden-aprovado-02;hoover-mcfadden;calibracao;aprovada;samples/hoover-mcfadden/aprovado-02.md;6581e727f42e8f0eb95e00e6cbc19d69cbaff1e6e8f169ac3be4e298e65ac375;atestacao;cadencia.clipe de negação curto;;;validado;SUBSTITUIR POR ATESTAÇÃO HUMANA DE REVISÃO INTEGRAL DESTE SINAL
hoover-mcfadden-aprovado-02;hoover-mcfadden;calibracao;aprovada;samples/hoover-mcfadden/aprovado-02.md;6581e727f42e8f0eb95e00e6cbc19d69cbaff1e6e8f169ac3be4e298e65ac375;detectada;cadencia.anáfora (frases coladas, mesmo início);1;Uma mulher prática desce ali, apalpa cada canto, verifica se o fundo é fundo mesmo ou se cede sob os dedos. / ;legitima;SUBSTITUIR POR JUSTIFICATIVA HUMANA ESPECÍFICA
hoover-mcfadden-aprovado-02;hoover-mcfadden;calibracao;aprovada;samples/hoover-mcfadden/aprovado-02.md;6581e727f42e8f0eb95e00e6cbc19d69cbaff1e6e8f169ac3be4e298e65ac375;detectada;cadencia.anáfora (frases coladas, mesmo início);2;Uma propriedade que rende menos do que renderia. / Uma propriedade que alguém deixou de amar sem deixar de man;legitima;SUBSTITUIR POR JUSTIFICATIVA HUMANA ESPECÍFICA
hoover-mcfadden-aprovado-02;hoover-mcfadden;calibracao;aprovada;samples/hoover-mcfadden/aprovado-02.md;6581e727f42e8f0eb95e00e6cbc19d69cbaff1e6e8f169ac3be4e298e65ac375;detectada;cadencia.anáfora (frases coladas, mesmo início);3;Não respondo. / Não tenho resposta que não me entregue.;legitima;SUBSTITUIR POR JUSTIFICATIVA HUMANA ESPECÍFICA
hoover-mcfadden-aprovado-02;hoover-mcfadden;calibracao;aprovada;samples/hoover-mcfadden/aprovado-02.md;6581e727f42e8f0eb95e00e6cbc19d69cbaff1e6e8f169ac3be4e298e65ac375;detectada;cadencia.anáfora (frases coladas, mesmo início);4;Ele fala das tinas, da prensa, dos barris que descem para a cave de pedra, e fala com as mãos, tocando a madei;legitima;SUBSTITUIR POR JUSTIFICATIVA HUMANA ESPECÍFICA
hoover-mcfadden-aprovado-02;hoover-mcfadden;calibracao;aprovada;samples/hoover-mcfadden/aprovado-02.md;6581e727f42e8f0eb95e00e6cbc19d69cbaff1e6e8f169ac3be4e298e65ac375;detectada;cadencia.anáfora (frases coladas, mesmo início);5;Ele me leva pelo celeiro, pelo pátio das oliveiras, e vai nomeando — este telhado, aquele muro, a bomba d'água;legitima;SUBSTITUIR POR JUSTIFICATIVA HUMANA ESPECÍFICA
hoover-mcfadden-aprovado-02;hoover-mcfadden;calibracao;aprovada;samples/hoover-mcfadden/aprovado-02.md;6581e727f42e8f0eb95e00e6cbc19d69cbaff1e6e8f169ac3be4e298e65ac375;atestacao;cadencia.anáfora (frases coladas, mesmo início);;;validado;SUBSTITUIR POR ATESTAÇÃO HUMANA DE REVISÃO INTEGRAL DESTE SINAL
hoover-mcfadden-aprovado-02;hoover-mcfadden;calibracao;aprovada;samples/hoover-mcfadden/aprovado-02.md;6581e727f42e8f0eb95e00e6cbc19d69cbaff1e6e8f169ac3be4e298e65ac375;atestacao;cadencia.epigrama antitético;;;validado;SUBSTITUIR POR ATESTAÇÃO HUMANA DE REVISÃO INTEGRAL DESTE SINAL
hoover-mcfadden-aprovado-02;hoover-mcfadden;calibracao;aprovada;samples/hoover-mcfadden/aprovado-02.md;6581e727f42e8f0eb95e00e6cbc19d69cbaff1e6e8f169ac3be4e298e65ac375;detectada;cadencia.fragmento de ênfase (Regra 4 ≤1–2);1;Ridículo.;legitima;SUBSTITUIR POR JUSTIFICATIVA HUMANA ESPECÍFICA
hoover-mcfadden-aprovado-02;hoover-mcfadden;calibracao;aprovada;samples/hoover-mcfadden/aprovado-02.md;6581e727f42e8f0eb95e00e6cbc19d69cbaff1e6e8f169ac3be4e298e65ac375;detectada;cadencia.fragmento de ênfase (Regra 4 ≤1–2);2;Devia continuar.;legitima;SUBSTITUIR POR JUSTIFICATIVA HUMANA ESPECÍFICA
hoover-mcfadden-aprovado-02;hoover-mcfadden;calibracao;aprovada;samples/hoover-mcfadden/aprovado-02.md;6581e727f42e8f0eb95e00e6cbc19d69cbaff1e6e8f169ac3be4e298e65ac375;detectada;cadencia.fragmento de ênfase (Regra 4 ≤1–2);3;Uns quarenta.;legitima;SUBSTITUIR POR JUSTIFICATIVA HUMANA ESPECÍFICA
hoover-mcfadden-aprovado-02;hoover-mcfadden;calibracao;aprovada;samples/hoover-mcfadden/aprovado-02.md;6581e727f42e8f0eb95e00e6cbc19d69cbaff1e6e8f169ac3be4e298e65ac375;detectada;cadencia.fragmento de ênfase (Regra 4 ≤1–2);4;Levanto sozinha.;legitima;SUBSTITUIR POR JUSTIFICATIVA HUMANA ESPECÍFICA
hoover-mcfadden-aprovado-02;hoover-mcfadden;calibracao;aprovada;samples/hoover-mcfadden/aprovado-02.md;6581e727f42e8f0eb95e00e6cbc19d69cbaff1e6e8f169ac3be4e298e65ac375;detectada;cadencia.fragmento de ênfase (Regra 4 ≤1–2);5;A escritura.;legitima;SUBSTITUIR POR JUSTIFICATIVA HUMANA ESPECÍFICA
hoover-mcfadden-aprovado-02;hoover-mcfadden;calibracao;aprovada;samples/hoover-mcfadden/aprovado-02.md;6581e727f42e8f0eb95e00e6cbc19d69cbaff1e6e8f169ac3be4e298e65ac375;detectada;cadencia.fragmento de ênfase (Regra 4 ≤1–2);6;Vim medir.;legitima;SUBSTITUIR POR JUSTIFICATIVA HUMANA ESPECÍFICA
hoover-mcfadden-aprovado-02;hoover-mcfadden;calibracao;aprovada;samples/hoover-mcfadden/aprovado-02.md;6581e727f42e8f0eb95e00e6cbc19d69cbaff1e6e8f169ac3be4e298e65ac375;detectada;cadencia.fragmento de ênfase (Regra 4 ≤1–2);7;Não digo.;legitima;SUBSTITUIR POR JUSTIFICATIVA HUMANA ESPECÍFICA
hoover-mcfadden-aprovado-02;hoover-mcfadden;calibracao;aprovada;samples/hoover-mcfadden/aprovado-02.md;6581e727f42e8f0eb95e00e6cbc19d69cbaff1e6e8f169ac3be4e298e65ac375;detectada;cadencia.fragmento de ênfase (Regra 4 ≤1–2);8;Rio.;legitima;SUBSTITUIR POR JUSTIFICATIVA HUMANA ESPECÍFICA
hoover-mcfadden-aprovado-02;hoover-mcfadden;calibracao;aprovada;samples/hoover-mcfadden/aprovado-02.md;6581e727f42e8f0eb95e00e6cbc19d69cbaff1e6e8f169ac3be4e298e65ac375;detectada;cadencia.fragmento de ênfase (Regra 4 ≤1–2);9;Não devia.;legitima;SUBSTITUIR POR JUSTIFICATIVA HUMANA ESPECÍFICA
hoover-mcfadden-aprovado-02;hoover-mcfadden;calibracao;aprovada;samples/hoover-mcfadden/aprovado-02.md;6581e727f42e8f0eb95e00e6cbc19d69cbaff1e6e8f169ac3be4e298e65ac375;detectada;cadencia.fragmento de ênfase (Regra 4 ≤1–2);10;Custa.;legitima;SUBSTITUIR POR JUSTIFICATIVA HUMANA ESPECÍFICA
hoover-mcfadden-aprovado-02;hoover-mcfadden;calibracao;aprovada;samples/hoover-mcfadden/aprovado-02.md;6581e727f42e8f0eb95e00e6cbc19d69cbaff1e6e8f169ac3be4e298e65ac375;detectada;cadencia.fragmento de ênfase (Regra 4 ≤1–2);11;Não respondo.;legitima;SUBSTITUIR POR JUSTIFICATIVA HUMANA ESPECÍFICA
hoover-mcfadden-aprovado-02;hoover-mcfadden;calibracao;aprovada;samples/hoover-mcfadden/aprovado-02.md;6581e727f42e8f0eb95e00e6cbc19d69cbaff1e6e8f169ac3be4e298e65ac375;detectada;cadencia.fragmento de ênfase (Regra 4 ≤1–2);12;Não me impede.;legitima;SUBSTITUIR POR JUSTIFICATIVA HUMANA ESPECÍFICA
hoover-mcfadden-aprovado-02;hoover-mcfadden;calibracao;aprovada;samples/hoover-mcfadden/aprovado-02.md;6581e727f42e8f0eb95e00e6cbc19d69cbaff1e6e8f169ac3be4e298e65ac375;detectada;cadencia.fragmento de ênfase (Regra 4 ≤1–2);13;Paro.;legitima;SUBSTITUIR POR JUSTIFICATIVA HUMANA ESPECÍFICA
hoover-mcfadden-aprovado-02;hoover-mcfadden;calibracao;aprovada;samples/hoover-mcfadden/aprovado-02.md;6581e727f42e8f0eb95e00e6cbc19d69cbaff1e6e8f169ac3be4e298e65ac375;atestacao;cadencia.fragmento de ênfase (Regra 4 ≤1–2);;;validado;SUBSTITUIR POR ATESTAÇÃO HUMANA DE REVISÃO INTEGRAL DESTE SINAL
hoover-mcfadden-aprovado-02;hoover-mcfadden;calibracao;aprovada;samples/hoover-mcfadden/aprovado-02.md;6581e727f42e8f0eb95e00e6cbc19d69cbaff1e6e8f169ac3be4e298e65ac375;atestacao;cadencia.fragmentos de ênfase COLADOS (Regra 4: nunca dois);;;validado;SUBSTITUIR POR ATESTAÇÃO HUMANA DE REVISÃO INTEGRAL DESTE SINAL
hoover-mcfadden-aprovado-02;hoover-mcfadden;calibracao;aprovada;samples/hoover-mcfadden/aprovado-02.md;6581e727f42e8f0eb95e00e6cbc19d69cbaff1e6e8f169ac3be4e298e65ac375;detectada;cadencia.pensamento em itálico (Regra 4 ≤2–3);1;tem cartas da minha mãe morta aqui embaixo;legitima;SUBSTITUIR POR JUSTIFICATIVA HUMANA ESPECÍFICA
hoover-mcfadden-aprovado-02;hoover-mcfadden;calibracao;aprovada;samples/hoover-mcfadden/aprovado-02.md;6581e727f42e8f0eb95e00e6cbc19d69cbaff1e6e8f169ac3be4e298e65ac375;detectada;cadencia.pensamento em itálico (Regra 4 ≤2–3);2;antes de vender;legitima;SUBSTITUIR POR JUSTIFICATIVA HUMANA ESPECÍFICA
hoover-mcfadden-aprovado-02;hoover-mcfadden;calibracao;aprovada;samples/hoover-mcfadden/aprovado-02.md;6581e727f42e8f0eb95e00e6cbc19d69cbaff1e6e8f169ac3be4e298e65ac375;atestacao;cadencia.pensamento em itálico (Regra 4 ≤2–3);;;validado;SUBSTITUIR POR ATESTAÇÃO HUMANA DE REVISÃO INTEGRAL DESTE SINAL
hoover-mcfadden-aprovado-02;hoover-mcfadden;calibracao;aprovada;samples/hoover-mcfadden/aprovado-02.md;6581e727f42e8f0eb95e00e6cbc19d69cbaff1e6e8f169ac3be4e298e65ac375;atestacao;cadencia.pergunta retórica (Regra 4 ≤1–2);;;validado;SUBSTITUIR POR ATESTAÇÃO HUMANA DE REVISÃO INTEGRAL DESTE SINAL
hoover-mcfadden-aprovado-03;hoover-mcfadden;holdout;aprovada;samples/hoover-mcfadden/aprovado-03.md;ac8f1939536d9b205a4b8dc5b27b463d69f63264c0d666929d3c41f45ff0c934;detectada;gnomico;1;As pernas doem de estrada ruim.;legitima;SUBSTITUIR POR JUSTIFICATIVA HUMANA ESPECÍFICA
hoover-mcfadden-aprovado-03;hoover-mcfadden;holdout;aprovada;samples/hoover-mcfadden/aprovado-03.md;ac8f1939536d9b205a4b8dc5b27b463d69f63264c0d666929d3c41f45ff0c934;detectada;gnomico;2;As mulheres punham na sopa, antigamente.;legitima;SUBSTITUIR POR JUSTIFICATIVA HUMANA ESPECÍFICA
hoover-mcfadden-aprovado-03;hoover-mcfadden;holdout;aprovada;samples/hoover-mcfadden/aprovado-03.md;ac8f1939536d9b205a4b8dc5b27b463d69f63264c0d666929d3c41f45ff0c934;atestacao;gnomico;;;validado;SUBSTITUIR POR ATESTAÇÃO HUMANA DE REVISÃO INTEGRAL DESTE SINAL
hoover-mcfadden-aprovado-03;hoover-mcfadden;holdout;aprovada;samples/hoover-mcfadden/aprovado-03.md;ac8f1939536d9b205a4b8dc5b27b463d69f63264c0d666929d3c41f45ff0c934;detectada;personificacao;1;Quero que ele veja que vim preparada, que não sou a herdeira sentimental que espera que a casa a seg;legitima;SUBSTITUIR POR JUSTIFICATIVA HUMANA ESPECÍFICA
hoover-mcfadden-aprovado-03;hoover-mcfadden;holdout;aprovada;samples/hoover-mcfadden/aprovado-03.md;ac8f1939536d9b205a4b8dc5b27b463d69f63264c0d666929d3c41f45ff0c934;detectada;personificacao;2;Não digo que a mão me tremeu segurando a letra da minha mãe morta.;legitima;SUBSTITUIR POR JUSTIFICATIVA HUMANA ESPECÍFICA
hoover-mcfadden-aprovado-03;hoover-mcfadden;holdout;aprovada;samples/hoover-mcfadden/aprovado-03.md;ac8f1939536d9b205a4b8dc5b27b463d69f63264c0d666929d3c41f45ff0c934;detectada;personificacao;3;Enquadro o silêncio como negociação.;legitima;SUBSTITUIR POR JUSTIFICATIVA HUMANA ESPECÍFICA
hoover-mcfadden-aprovado-03;hoover-mcfadden;holdout;aprovada;samples/hoover-mcfadden/aprovado-03.md;ac8f1939536d9b205a4b8dc5b27b463d69f63264c0d666929d3c41f45ff0c934;detectada;personificacao;4;Aceito do mesmo jeito que aceitei ontem quando ele desviou da cova, e do mesmo jeito que aceitei o v;legitima;SUBSTITUIR POR JUSTIFICATIVA HUMANA ESPECÍFICA
hoover-mcfadden-aprovado-03;hoover-mcfadden;holdout;aprovada;samples/hoover-mcfadden/aprovado-03.md;ac8f1939536d9b205a4b8dc5b27b463d69f63264c0d666929d3c41f45ff0c934;atestacao;personificacao;;;validado;SUBSTITUIR POR ATESTAÇÃO HUMANA DE REVISÃO INTEGRAL DESTE SINAL
hoover-mcfadden-aprovado-03;hoover-mcfadden;holdout;aprovada;samples/hoover-mcfadden/aprovado-03.md;ac8f1939536d9b205a4b8dc5b27b463d69f63264c0d666929d3c41f45ff0c934;detectada;sanfona;1;Por dentro, penso, prática, que é ótimo: ele arranca o cemitério, ele arranca a cova, ele arranca as flores e ;legitima;SUBSTITUIR POR JUSTIFICATIVA HUMANA ESPECÍFICA
hoover-mcfadden-aprovado-03;hoover-mcfadden;holdout;aprovada;samples/hoover-mcfadden/aprovado-03.md;ac8f1939536d9b205a4b8dc5b27b463d69f63264c0d666929d3c41f45ff0c934;detectada;sanfona;2;Hoje ando entre as lajes com o número de Bandini na cabeça e reparo que são muitas — mais do que contei ontem ;legitima;SUBSTITUIR POR JUSTIFICATIVA HUMANA ESPECÍFICA
hoover-mcfadden-aprovado-03;hoover-mcfadden;holdout;aprovada;samples/hoover-mcfadden/aprovado-03.md;ac8f1939536d9b205a4b8dc5b27b463d69f63264c0d666929d3c41f45ff0c934;detectada;sanfona;3;Diz o nome de cada flor no latim e depois no dialeto do vale, com a data de quando floresce e o solo que pede,;legitima;SUBSTITUIR POR JUSTIFICATIVA HUMANA ESPECÍFICA
hoover-mcfadden-aprovado-03;hoover-mcfadden;holdout;aprovada;samples/hoover-mcfadden/aprovado-03.md;ac8f1939536d9b205a4b8dc5b27b463d69f63264c0d666929d3c41f45ff0c934;detectada;sanfona;4;E, subindo a encosta até os nossos pés, os túmulos, cada um com a sua flor teimosa marcando o lugar de um nome;legitima;SUBSTITUIR POR JUSTIFICATIVA HUMANA ESPECÍFICA
hoover-mcfadden-aprovado-03;hoover-mcfadden;holdout;aprovada;samples/hoover-mcfadden/aprovado-03.md;ac8f1939536d9b205a4b8dc5b27b463d69f63264c0d666929d3c41f45ff0c934;atestacao;sanfona;;;validado;SUBSTITUIR POR ATESTAÇÃO HUMANA DE REVISÃO INTEGRAL DESTE SINAL
hoover-mcfadden-aprovado-03;hoover-mcfadden;holdout;aprovada;samples/hoover-mcfadden/aprovado-03.md;ac8f1939536d9b205a4b8dc5b27b463d69f63264c0d666929d3c41f45ff0c934;detectada;metafora_elaborada;1;como um problema de arquivo do que como o que são. Aperto esse pensamento até el;legitima;SUBSTITUIR POR JUSTIFICATIVA HUMANA ESPECÍFICA
hoover-mcfadden-aprovado-03;hoover-mcfadden;holdout;aprovada;samples/hoover-mcfadden/aprovado-03.md;ac8f1939536d9b205a4b8dc5b27b463d69f63264c0d666929d3c41f45ff0c934;detectada;metafora_elaborada;2;como um homem que já a possui. Quer a encosta sul inteira — a que pega sol da ma;legitima;SUBSTITUIR POR JUSTIFICATIVA HUMANA ESPECÍFICA
hoover-mcfadden-aprovado-03;hoover-mcfadden;holdout;aprovada;samples/hoover-mcfadden/aprovado-03.md;ac8f1939536d9b205a4b8dc5b27b463d69f63264c0d666929d3c41f45ff0c934;detectada;metafora_elaborada;3;como uma etiqueta. Dezenove dias e eu me livro de tudo. É o que vim buscar. Dig;legitima;SUBSTITUIR POR JUSTIFICATIVA HUMANA ESPECÍFICA
hoover-mcfadden-aprovado-03;hoover-mcfadden;holdout;aprovada;samples/hoover-mcfadden/aprovado-03.md;ac8f1939536d9b205a4b8dc5b27b463d69f63264c0d666929d3c41f45ff0c934;detectada;metafora_elaborada;4;como se soubesse a mão que a pôs. Registro a palavra e a solto, porque um homem;legitima;SUBSTITUIR POR JUSTIFICATIVA HUMANA ESPECÍFICA
hoover-mcfadden-aprovado-03;hoover-mcfadden;holdout;aprovada;samples/hoover-mcfadden/aprovado-03.md;ac8f1939536d9b205a4b8dc5b27b463d69f63264c0d666929d3c41f45ff0c934;detectada;metafora_elaborada;5;como um relógio de bolso encostado no ouvido. Dezenove dias. Depois disso, o di;legitima;SUBSTITUIR POR JUSTIFICATIVA HUMANA ESPECÍFICA
hoover-mcfadden-aprovado-03;hoover-mcfadden;holdout;aprovada;samples/hoover-mcfadden/aprovado-03.md;ac8f1939536d9b205a4b8dc5b27b463d69f63264c0d666929d3c41f45ff0c934;atestacao;metafora_elaborada;;;validado;SUBSTITUIR POR ATESTAÇÃO HUMANA DE REVISÃO INTEGRAL DESTE SINAL
hoover-mcfadden-aprovado-03;hoover-mcfadden;holdout;aprovada;samples/hoover-mcfadden/aprovado-03.md;ac8f1939536d9b205a4b8dc5b27b463d69f63264c0d666929d3c41f45ff0c934;detectada;cadencia.fragmentos colados (≤4 palavras);1;Vender a tenuta inteira. Rápido.;legitima;SUBSTITUIR POR JUSTIFICATIVA HUMANA ESPECÍFICA
hoover-mcfadden-aprovado-03;hoover-mcfadden;holdout;aprovada;samples/hoover-mcfadden/aprovado-03.md;ac8f1939536d9b205a4b8dc5b27b463d69f63264c0d666929d3c41f45ff0c934;detectada;cadencia.fragmentos colados (≤4 palavras);2;Rápido. Sem sentimentalismo.;legitima;SUBSTITUIR POR JUSTIFICATIVA HUMANA ESPECÍFICA
hoover-mcfadden-aprovado-03;hoover-mcfadden;holdout;aprovada;samples/hoover-mcfadden/aprovado-03.md;ac8f1939536d9b205a4b8dc5b27b463d69f63264c0d666929d3c41f45ff0c934;detectada;cadencia.fragmentos colados (≤4 palavras);3;Devia sentir alívio. Sinto o maxilar travar.;legitima;SUBSTITUIR POR JUSTIFICATIVA HUMANA ESPECÍFICA
hoover-mcfadden-aprovado-03;hoover-mcfadden;holdout;aprovada;samples/hoover-mcfadden/aprovado-03.md;ac8f1939536d9b205a4b8dc5b27b463d69f63264c0d666929d3c41f45ff0c934;detectada;cadencia.fragmentos colados (≤4 palavras);4;Larga a corda. Vem.;legitima;SUBSTITUIR POR JUSTIFICATIVA HUMANA ESPECÍFICA
hoover-mcfadden-aprovado-03;hoover-mcfadden;holdout;aprovada;samples/hoover-mcfadden/aprovado-03.md;ac8f1939536d9b205a4b8dc5b27b463d69f63264c0d666929d3c41f45ff0c934;detectada;cadencia.fragmentos colados (≤4 palavras);5;Sigo andando. Ele para na próxima.;legitima;SUBSTITUIR POR JUSTIFICATIVA HUMANA ESPECÍFICA
hoover-mcfadden-aprovado-03;hoover-mcfadden;holdout;aprovada;samples/hoover-mcfadden/aprovado-03.md;ac8f1939536d9b205a4b8dc5b27b463d69f63264c0d666929d3c41f45ff0c934;detectada;cadencia.fragmentos colados (≤4 palavras);6;Que mal há nisso. Nenhum.;legitima;SUBSTITUIR POR JUSTIFICATIVA HUMANA ESPECÍFICA
hoover-mcfadden-aprovado-03;hoover-mcfadden;holdout;aprovada;samples/hoover-mcfadden/aprovado-03.md;ac8f1939536d9b205a4b8dc5b27b463d69f63264c0d666929d3c41f45ff0c934;detectada;cadencia.fragmentos colados (≤4 palavras);7;Nenhum. É até bonito.;legitima;SUBSTITUIR POR JUSTIFICATIVA HUMANA ESPECÍFICA
hoover-mcfadden-aprovado-03;hoover-mcfadden;holdout;aprovada;samples/hoover-mcfadden/aprovado-03.md;ac8f1939536d9b205a4b8dc5b27b463d69f63264c0d666929d3c41f45ff0c934;atestacao;cadencia.fragmentos colados (≤4 palavras);;;validado;SUBSTITUIR POR ATESTAÇÃO HUMANA DE REVISÃO INTEGRAL DESTE SINAL
hoover-mcfadden-aprovado-03;hoover-mcfadden;holdout;aprovada;samples/hoover-mcfadden/aprovado-03.md;ac8f1939536d9b205a4b8dc5b27b463d69f63264c0d666929d3c41f45ff0c934;atestacao;cadencia.staccato (frases curtas);;;validado;SUBSTITUIR POR ATESTAÇÃO HUMANA DE REVISÃO INTEGRAL DESTE SINAL
hoover-mcfadden-aprovado-03;hoover-mcfadden;holdout;aprovada;samples/hoover-mcfadden/aprovado-03.md;ac8f1939536d9b205a4b8dc5b27b463d69f63264c0d666929d3c41f45ff0c934;detectada;cadencia.clipe de negação curto;1;Não dormi.;legitima;SUBSTITUIR POR JUSTIFICATIVA HUMANA ESPECÍFICA
hoover-mcfadden-aprovado-03;hoover-mcfadden;holdout;aprovada;samples/hoover-mcfadden/aprovado-03.md;ac8f1939536d9b205a4b8dc5b27b463d69f63264c0d666929d3c41f45ff0c934;atestacao;cadencia.clipe de negação curto;;;validado;SUBSTITUIR POR ATESTAÇÃO HUMANA DE REVISÃO INTEGRAL DESTE SINAL
hoover-mcfadden-aprovado-03;hoover-mcfadden;holdout;aprovada;samples/hoover-mcfadden/aprovado-03.md;ac8f1939536d9b205a4b8dc5b27b463d69f63264c0d666929d3c41f45ff0c934;detectada;cadencia.anáfora (frases coladas, mesmo início);1;Conto os pés tortos por hábito. / Conto o que vale e o que não vale.;legitima;SUBSTITUIR POR JUSTIFICATIVA HUMANA ESPECÍFICA
hoover-mcfadden-aprovado-03;hoover-mcfadden;holdout;aprovada;samples/hoover-mcfadden/aprovado-03.md;ac8f1939536d9b205a4b8dc5b27b463d69f63264c0d666929d3c41f45ff0c934;detectada;cadencia.anáfora (frases coladas, mesmo início);2;Fala de *usi civici*, de servidões de passagem, de uma hipoteca antiga que o meu tio Vittorio arrastou pela gu;legitima;SUBSTITUIR POR JUSTIFICATIVA HUMANA ESPECÍFICA
hoover-mcfadden-aprovado-03;hoover-mcfadden;holdout;aprovada;samples/hoover-mcfadden/aprovado-03.md;ac8f1939536d9b205a4b8dc5b27b463d69f63264c0d666929d3c41f45ff0c934;detectada;cadencia.anáfora (frases coladas, mesmo início);3;Vai arrancar tudo. / Vai plantar vinha nova, clone bom, fileira cerrada, das que dão dinheiro em cinco anos e ;legitima;SUBSTITUIR POR JUSTIFICATIVA HUMANA ESPECÍFICA
hoover-mcfadden-aprovado-03;hoover-mcfadden;holdout;aprovada;samples/hoover-mcfadden/aprovado-03.md;ac8f1939536d9b205a4b8dc5b27b463d69f63264c0d666929d3c41f45ff0c934;detectada;cadencia.anáfora (frases coladas, mesmo início);4;É a saída limpa. / É exatamente o que eu queria — alguém que passe o arado sobre o problema inteiro e me entre;legitima;SUBSTITUIR POR JUSTIFICATIVA HUMANA ESPECÍFICA
hoover-mcfadden-aprovado-03;hoover-mcfadden;holdout;aprovada;samples/hoover-mcfadden/aprovado-03.md;ac8f1939536d9b205a4b8dc5b27b463d69f63264c0d666929d3c41f45ff0c934;detectada;cadencia.anáfora (frases coladas, mesmo início);5;Não digo a Bandini que passei a madrugada de joelhos num daqueles túmulos que ele chama de desperdício. / Não ;legitima;SUBSTITUIR POR JUSTIFICATIVA HUMANA ESPECÍFICA
hoover-mcfadden-aprovado-03;hoover-mcfadden;holdout;aprovada;samples/hoover-mcfadden/aprovado-03.md;ac8f1939536d9b205a4b8dc5b27b463d69f63264c0d666929d3c41f45ff0c934;atestacao;cadencia.anáfora (frases coladas, mesmo início);;;validado;SUBSTITUIR POR ATESTAÇÃO HUMANA DE REVISÃO INTEGRAL DESTE SINAL
hoover-mcfadden-aprovado-03;hoover-mcfadden;holdout;aprovada;samples/hoover-mcfadden/aprovado-03.md;ac8f1939536d9b205a4b8dc5b27b463d69f63264c0d666929d3c41f45ff0c934;atestacao;cadencia.epigrama antitético;;;validado;SUBSTITUIR POR ATESTAÇÃO HUMANA DE REVISÃO INTEGRAL DESTE SINAL
hoover-mcfadden-aprovado-03;hoover-mcfadden;holdout;aprovada;samples/hoover-mcfadden/aprovado-03.md;ac8f1939536d9b205a4b8dc5b27b463d69f63264c0d666929d3c41f45ff0c934;detectada;cadencia.fragmento de ênfase (Regra 4 ≤1–2);1;Deixo tossir.;legitima;SUBSTITUIR POR JUSTIFICATIVA HUMANA ESPECÍFICA
hoover-mcfadden-aprovado-03;hoover-mcfadden;holdout;aprovada;samples/hoover-mcfadden/aprovado-03.md;ac8f1939536d9b205a4b8dc5b27b463d69f63264c0d666929d3c41f45ff0c934;detectada;cadencia.fragmento de ênfase (Regra 4 ≤1–2);2;Não dormi.;legitima;SUBSTITUIR POR JUSTIFICATIVA HUMANA ESPECÍFICA
hoover-mcfadden-aprovado-03;hoover-mcfadden;holdout;aprovada;samples/hoover-mcfadden/aprovado-03.md;ac8f1939536d9b205a4b8dc5b27b463d69f63264c0d666929d3c41f45ff0c934;detectada;cadencia.fragmento de ênfase (Regra 4 ≤1–2);3;Rápido.;legitima;SUBSTITUIR POR JUSTIFICATIVA HUMANA ESPECÍFICA
hoover-mcfadden-aprovado-03;hoover-mcfadden;holdout;aprovada;samples/hoover-mcfadden/aprovado-03.md;ac8f1939536d9b205a4b8dc5b27b463d69f63264c0d666929d3c41f45ff0c934;detectada;cadencia.fragmento de ênfase (Regra 4 ≤1–2);4;Sem sentimentalismo.;legitima;SUBSTITUIR POR JUSTIFICATIVA HUMANA ESPECÍFICA
hoover-mcfadden-aprovado-03;hoover-mcfadden;holdout;aprovada;samples/hoover-mcfadden/aprovado-03.md;ac8f1939536d9b205a4b8dc5b27b463d69f63264c0d666929d3c41f45ff0c934;detectada;cadencia.fragmento de ênfase (Regra 4 ≤1–2);5;Fico quieta.;legitima;SUBSTITUIR POR JUSTIFICATIVA HUMANA ESPECÍFICA
hoover-mcfadden-aprovado-03;hoover-mcfadden;holdout;aprovada;samples/hoover-mcfadden/aprovado-03.md;ac8f1939536d9b205a4b8dc5b27b463d69f63264c0d666929d3c41f45ff0c934;detectada;cadencia.fragmento de ênfase (Regra 4 ≤1–2);6;Vem.;legitima;SUBSTITUIR POR JUSTIFICATIVA HUMANA ESPECÍFICA
hoover-mcfadden-aprovado-03;hoover-mcfadden;holdout;aprovada;samples/hoover-mcfadden/aprovado-03.md;ac8f1939536d9b205a4b8dc5b27b463d69f63264c0d666929d3c41f45ff0c934;detectada;cadencia.fragmento de ênfase (Regra 4 ≤1–2);7;Sigo andando.;legitima;SUBSTITUIR POR JUSTIFICATIVA HUMANA ESPECÍFICA
hoover-mcfadden-aprovado-03;hoover-mcfadden;holdout;aprovada;samples/hoover-mcfadden/aprovado-03.md;ac8f1939536d9b205a4b8dc5b27b463d69f63264c0d666929d3c41f45ff0c934;detectada;cadencia.fragmento de ênfase (Regra 4 ≤1–2);8;Está recitando.;legitima;SUBSTITUIR POR JUSTIFICATIVA HUMANA ESPECÍFICA
hoover-mcfadden-aprovado-03;hoover-mcfadden;holdout;aprovada;samples/hoover-mcfadden/aprovado-03.md;ac8f1939536d9b205a4b8dc5b27b463d69f63264c0d666929d3c41f45ff0c934;detectada;cadencia.fragmento de ênfase (Regra 4 ≤1–2);9;Nenhum.;legitima;SUBSTITUIR POR JUSTIFICATIVA HUMANA ESPECÍFICA
hoover-mcfadden-aprovado-03;hoover-mcfadden;holdout;aprovada;samples/hoover-mcfadden/aprovado-03.md;ac8f1939536d9b205a4b8dc5b27b463d69f63264c0d666929d3c41f45ff0c934;detectada;cadencia.fragmento de ênfase (Regra 4 ≤1–2);10;Aceito.;legitima;SUBSTITUIR POR JUSTIFICATIVA HUMANA ESPECÍFICA
hoover-mcfadden-aprovado-03;hoover-mcfadden;holdout;aprovada;samples/hoover-mcfadden/aprovado-03.md;ac8f1939536d9b205a4b8dc5b27b463d69f63264c0d666929d3c41f45ff0c934;detectada;cadencia.fragmento de ênfase (Regra 4 ≤1–2);11;Dezenove dias.;legitima;SUBSTITUIR POR JUSTIFICATIVA HUMANA ESPECÍFICA
hoover-mcfadden-aprovado-03;hoover-mcfadden;holdout;aprovada;samples/hoover-mcfadden/aprovado-03.md;ac8f1939536d9b205a4b8dc5b27b463d69f63264c0d666929d3c41f45ff0c934;atestacao;cadencia.fragmento de ênfase (Regra 4 ≤1–2);;;validado;SUBSTITUIR POR ATESTAÇÃO HUMANA DE REVISÃO INTEGRAL DESTE SINAL
hoover-mcfadden-aprovado-03;hoover-mcfadden;holdout;aprovada;samples/hoover-mcfadden/aprovado-03.md;ac8f1939536d9b205a4b8dc5b27b463d69f63264c0d666929d3c41f45ff0c934;atestacao;cadencia.fragmentos de ênfase COLADOS (Regra 4: nunca dois);;;validado;SUBSTITUIR POR ATESTAÇÃO HUMANA DE REVISÃO INTEGRAL DESTE SINAL
hoover-mcfadden-aprovado-03;hoover-mcfadden;holdout;aprovada;samples/hoover-mcfadden/aprovado-03.md;ac8f1939536d9b205a4b8dc5b27b463d69f63264c0d666929d3c41f45ff0c934;detectada;cadencia.pensamento em itálico (Regra 4 ≤2–3);1;compromesso;legitima;SUBSTITUIR POR JUSTIFICATIVA HUMANA ESPECÍFICA
hoover-mcfadden-aprovado-03;hoover-mcfadden;holdout;aprovada;samples/hoover-mcfadden/aprovado-03.md;ac8f1939536d9b205a4b8dc5b27b463d69f63264c0d666929d3c41f45ff0c934;detectada;cadencia.pensamento em itálico (Regra 4 ≤2–3);2;rogito;legitima;SUBSTITUIR POR JUSTIFICATIVA HUMANA ESPECÍFICA
hoover-mcfadden-aprovado-03;hoover-mcfadden;holdout;aprovada;samples/hoover-mcfadden/aprovado-03.md;ac8f1939536d9b205a4b8dc5b27b463d69f63264c0d666929d3c41f45ff0c934;detectada;cadencia.pensamento em itálico (Regra 4 ≤2–3);3;usi civici;legitima;SUBSTITUIR POR JUSTIFICATIVA HUMANA ESPECÍFICA
hoover-mcfadden-aprovado-03;hoover-mcfadden;holdout;aprovada;samples/hoover-mcfadden/aprovado-03.md;ac8f1939536d9b205a4b8dc5b27b463d69f63264c0d666929d3c41f45ff0c934;detectada;cadencia.pensamento em itálico (Regra 4 ≤2–3);4;compromesso;legitima;SUBSTITUIR POR JUSTIFICATIVA HUMANA ESPECÍFICA
hoover-mcfadden-aprovado-03;hoover-mcfadden;holdout;aprovada;samples/hoover-mcfadden/aprovado-03.md;ac8f1939536d9b205a4b8dc5b27b463d69f63264c0d666929d3c41f45ff0c934;detectada;cadencia.pensamento em itálico (Regra 4 ≤2–3);5;como todo mundo aqui já sabe o que eu mal acabei de saber;legitima;SUBSTITUIR POR JUSTIFICATIVA HUMANA ESPECÍFICA
hoover-mcfadden-aprovado-03;hoover-mcfadden;holdout;aprovada;samples/hoover-mcfadden/aprovado-03.md;ac8f1939536d9b205a4b8dc5b27b463d69f63264c0d666929d3c41f45ff0c934;detectada;cadencia.pensamento em itálico (Regra 4 ≤2–3);6;Papaver.;legitima;SUBSTITUIR POR JUSTIFICATIVA HUMANA ESPECÍFICA
hoover-mcfadden-aprovado-03;hoover-mcfadden;holdout;aprovada;samples/hoover-mcfadden/aprovado-03.md;ac8f1939536d9b205a4b8dc5b27b463d69f63264c0d666929d3c41f45ff0c934;detectada;cadencia.pensamento em itálico (Regra 4 ≤2–3);7;rosolaccio;legitima;SUBSTITUIR POR JUSTIFICATIVA HUMANA ESPECÍFICA
hoover-mcfadden-aprovado-03;hoover-mcfadden;holdout;aprovada;samples/hoover-mcfadden/aprovado-03.md;ac8f1939536d9b205a4b8dc5b27b463d69f63264c0d666929d3c41f45ff0c934;detectada;cadencia.pensamento em itálico (Regra 4 ≤2–3);8;Plantada.;legitima;SUBSTITUIR POR JUSTIFICATIVA HUMANA ESPECÍFICA
hoover-mcfadden-aprovado-03;hoover-mcfadden;holdout;aprovada;samples/hoover-mcfadden/aprovado-03.md;ac8f1939536d9b205a4b8dc5b27b463d69f63264c0d666929d3c41f45ff0c934;detectada;cadencia.pensamento em itálico (Regra 4 ≤2–3);9;Campanula.;legitima;SUBSTITUIR POR JUSTIFICATIVA HUMANA ESPECÍFICA
hoover-mcfadden-aprovado-03;hoover-mcfadden;holdout;aprovada;samples/hoover-mcfadden/aprovado-03.md;ac8f1939536d9b205a4b8dc5b27b463d69f63264c0d666929d3c41f45ff0c934;detectada;cadencia.pensamento em itálico (Regra 4 ≤2–3);10;Calendula.;legitima;SUBSTITUIR POR JUSTIFICATIVA HUMANA ESPECÍFICA
hoover-mcfadden-aprovado-03;hoover-mcfadden;holdout;aprovada;samples/hoover-mcfadden/aprovado-03.md;ac8f1939536d9b205a4b8dc5b27b463d69f63264c0d666929d3c41f45ff0c934;atestacao;cadencia.pensamento em itálico (Regra 4 ≤2–3);;;validado;SUBSTITUIR POR ATESTAÇÃO HUMANA DE REVISÃO INTEGRAL DESTE SINAL
hoover-mcfadden-aprovado-03;hoover-mcfadden;holdout;aprovada;samples/hoover-mcfadden/aprovado-03.md;ac8f1939536d9b205a4b8dc5b27b463d69f63264c0d666929d3c41f45ff0c934;atestacao;cadencia.pergunta retórica (Regra 4 ≤1–2);;;validado;SUBSTITUIR POR ATESTAÇÃO HUMANA DE REVISÃO INTEGRAL DESTE SINAL
hoover-mcfadden-contraste-01;hoover-mcfadden;calibracao;contraste;samples/hoover-mcfadden/contraste-01.md;7d91ae4188e94f222a5c751efde33ffbf4f54b878a97862d0d1a681d86400855;detectada;gnomico;1;Quem vende não rega.;legitima;SUBSTITUIR POR JUSTIFICATIVA HUMANA ESPECÍFICA
hoover-mcfadden-contraste-01;hoover-mcfadden;calibracao;contraste;samples/hoover-mcfadden/contraste-01.md;7d91ae4188e94f222a5c751efde33ffbf4f54b878a97862d0d1a681d86400855;detectada;gnomico;2;Quem rega não vende.;legitima;SUBSTITUIR POR JUSTIFICATIVA HUMANA ESPECÍFICA
hoover-mcfadden-contraste-01;hoover-mcfadden;calibracao;contraste;samples/hoover-mcfadden/contraste-01.md;7d91ae4188e94f222a5c751efde33ffbf4f54b878a97862d0d1a681d86400855;detectada;gnomico;3;Quem é da casa sabe quem está aí.;legitima;SUBSTITUIR POR JUSTIFICATIVA HUMANA ESPECÍFICA
hoover-mcfadden-contraste-01;hoover-mcfadden;calibracao;contraste;samples/hoover-mcfadden/contraste-01.md;7d91ae4188e94f222a5c751efde33ffbf4f54b878a97862d0d1a681d86400855;detectada;gnomico;4;quem assina, e vale por quê.;legitima;SUBSTITUIR POR JUSTIFICATIVA HUMANA ESPECÍFICA
hoover-mcfadden-contraste-01;hoover-mcfadden;calibracao;contraste;samples/hoover-mcfadden/contraste-01.md;7d91ae4188e94f222a5c751efde33ffbf4f54b878a97862d0d1a681d86400855;detectada;gnomico;5;porque o que ela já foi não entra no preço;legitima;SUBSTITUIR POR JUSTIFICATIVA HUMANA ESPECÍFICA
hoover-mcfadden-contraste-01;hoover-mcfadden;calibracao;contraste;samples/hoover-mcfadden/contraste-01.md;7d91ae4188e94f222a5c751efde33ffbf4f54b878a97862d0d1a681d86400855;atestacao;gnomico;;;validado;SUBSTITUIR POR ATESTAÇÃO HUMANA DE REVISÃO INTEGRAL DESTE SINAL
hoover-mcfadden-contraste-01;hoover-mcfadden;calibracao;contraste;samples/hoover-mcfadden/contraste-01.md;7d91ae4188e94f222a5c751efde33ffbf4f54b878a97862d0d1a681d86400855;detectada;personificacao;1;A própria terra desmente o ladrão: ninguém rouba e empilha o barro para dentro do buraco que abriu.;legitima;SUBSTITUIR POR JUSTIFICATIVA HUMANA ESPECÍFICA
hoover-mcfadden-contraste-01;hoover-mcfadden;calibracao;contraste;samples/hoover-mcfadden/contraste-01.md;7d91ae4188e94f222a5c751efde33ffbf4f54b878a97862d0d1a681d86400855;detectada;personificacao;2;Então me ergo devagar, o barro colado no joelho, e olho o buraco aberto sob a glicínia, e faço a úni;legitima;SUBSTITUIR POR JUSTIFICATIVA HUMANA ESPECÍFICA
hoover-mcfadden-contraste-01;hoover-mcfadden;calibracao;contraste;samples/hoover-mcfadden/contraste-01.md;7d91ae4188e94f222a5c751efde33ffbf4f54b878a97862d0d1a681d86400855;atestacao;personificacao;;;validado;SUBSTITUIR POR ATESTAÇÃO HUMANA DE REVISÃO INTEGRAL DESTE SINAL
hoover-mcfadden-contraste-01;hoover-mcfadden;calibracao;contraste;samples/hoover-mcfadden/contraste-01.md;7d91ae4188e94f222a5c751efde33ffbf4f54b878a97862d0d1a681d86400855;detectada;sanfona;1;Fico um instante com a mão na aldrava fria e penso, sem querer, na mulher que me contaram que era minha mãe, a;legitima;SUBSTITUIR POR JUSTIFICATIVA HUMANA ESPECÍFICA
hoover-mcfadden-contraste-01;hoover-mcfadden;calibracao;contraste;samples/hoover-mcfadden/contraste-01.md;7d91ae4188e94f222a5c751efde33ffbf4f54b878a97862d0d1a681d86400855;detectada;sanfona;2;Cresce para o céu, alta e magra, um galho atrás do outro procurando luz, sem ninguém que a baixe e a abra para;legitima;SUBSTITUIR POR JUSTIFICATIVA HUMANA ESPECÍFICA
hoover-mcfadden-contraste-01;hoover-mcfadden;calibracao;contraste;samples/hoover-mcfadden/contraste-01.md;7d91ae4188e94f222a5c751efde33ffbf4f54b878a97862d0d1a681d86400855;detectada;sanfona;3;Um cemitério particular de família, luxo que casa grande de campo às vezes tem, capela e mortos próprios, long;legitima;SUBSTITUIR POR JUSTIFICATIVA HUMANA ESPECÍFICA
hoover-mcfadden-contraste-01;hoover-mcfadden;calibracao;contraste;samples/hoover-mcfadden/contraste-01.md;7d91ae4188e94f222a5c751efde33ffbf4f54b878a97862d0d1a681d86400855;detectada;sanfona;4;Cada túmulo tem uma flor plantada no lugar onde devia estar o nome — não flor jogada por cima, de luto, mas fl;legitima;SUBSTITUIR POR JUSTIFICATIVA HUMANA ESPECÍFICA
hoover-mcfadden-contraste-01;hoover-mcfadden;calibracao;contraste;samples/hoover-mcfadden/contraste-01.md;7d91ae4188e94f222a5c751efde33ffbf4f54b878a97862d0d1a681d86400855;detectada;sanfona;5;Ele sai pelo portão dos fundos, o de trás da capela, e o vejo sair — a figura curva contra o céu claro, a enxa;legitima;SUBSTITUIR POR JUSTIFICATIVA HUMANA ESPECÍFICA
hoover-mcfadden-contraste-01;hoover-mcfadden;calibracao;contraste;samples/hoover-mcfadden/contraste-01.md;7d91ae4188e94f222a5c751efde33ffbf4f54b878a97862d0d1a681d86400855;detectada;sanfona;6;Está no canto do fundo, sob a glicínia, meio escondida na sombra roxa da pérgola, e por isso não a vi entrando;legitima;SUBSTITUIR POR JUSTIFICATIVA HUMANA ESPECÍFICA
hoover-mcfadden-contraste-01;hoover-mcfadden;calibracao;contraste;samples/hoover-mcfadden/contraste-01.md;7d91ae4188e94f222a5c751efde33ffbf4f54b878a97862d0d1a681d86400855;detectada;sanfona;7;A parede está lascada em degraus tortos, sem o corte limpo de quem cava sepultura a vida inteira — foi mão ner;legitima;SUBSTITUIR POR JUSTIFICATIVA HUMANA ESPECÍFICA
hoover-mcfadden-contraste-01;hoover-mcfadden;calibracao;contraste;samples/hoover-mcfadden/contraste-01.md;7d91ae4188e94f222a5c751efde33ffbf4f54b878a97862d0d1a681d86400855;detectada;sanfona;8;Digo ladrão e quase acredito, e o quase é o problema, porque ladrão joga a terra para fora e este a jogou para;legitima;SUBSTITUIR POR JUSTIFICATIVA HUMANA ESPECÍFICA
hoover-mcfadden-contraste-01;hoover-mcfadden;calibracao;contraste;samples/hoover-mcfadden/contraste-01.md;7d91ae4188e94f222a5c751efde33ffbf4f54b878a97862d0d1a681d86400855;detectada;sanfona;9;Os olhos escorregam para o meio da folha antes que eu os impeça, e leio, sem querer ler, uma linha solta no me;legitima;SUBSTITUIR POR JUSTIFICATIVA HUMANA ESPECÍFICA
hoover-mcfadden-contraste-01;hoover-mcfadden;calibracao;contraste;samples/hoover-mcfadden/contraste-01.md;7d91ae4188e94f222a5c751efde33ffbf4f54b878a97862d0d1a681d86400855;detectada;sanfona;10;Confusão de arquivo, data errada, gente antiga que não sabia bem o ano, cheiro de mofo confundindo a cabeça.;legitima;SUBSTITUIR POR JUSTIFICATIVA HUMANA ESPECÍFICA
hoover-mcfadden-contraste-01;hoover-mcfadden;calibracao;contraste;samples/hoover-mcfadden/contraste-01.md;7d91ae4188e94f222a5c751efde33ffbf4f54b878a97862d0d1a681d86400855;detectada;sanfona;11;Vou depressa, uma atrás da outra, e todas trazem a mesma letra apertada e a mesma assinatura firme no pé, e to;legitima;SUBSTITUIR POR JUSTIFICATIVA HUMANA ESPECÍFICA
hoover-mcfadden-contraste-01;hoover-mcfadden;calibracao;contraste;samples/hoover-mcfadden/contraste-01.md;7d91ae4188e94f222a5c751efde33ffbf4f54b878a97862d0d1a681d86400855;detectada;sanfona;12;Testo as que tenho — papel velho, erro de data, coincidência de nome — e cada uma escorrega, e por baixo de to;legitima;SUBSTITUIR POR JUSTIFICATIVA HUMANA ESPECÍFICA
hoover-mcfadden-contraste-01;hoover-mcfadden;calibracao;contraste;samples/hoover-mcfadden/contraste-01.md;7d91ae4188e94f222a5c751efde33ffbf4f54b878a97862d0d1a681d86400855;detectada;sanfona;13;Não vi minha mãe, não guardo carta dela, não tenho como provar a ninguém, nem a mim, que esta mão apertada é a;legitima;SUBSTITUIR POR JUSTIFICATIVA HUMANA ESPECÍFICA
hoover-mcfadden-contraste-01;hoover-mcfadden;calibracao;contraste;samples/hoover-mcfadden/contraste-01.md;7d91ae4188e94f222a5c751efde33ffbf4f54b878a97862d0d1a681d86400855;detectada;sanfona;14;Passo a manhã inteira medindo esta tenuta em liras e hectares, e agora tenho nas mãos o único achado deste lug;legitima;SUBSTITUIR POR JUSTIFICATIVA HUMANA ESPECÍFICA
hoover-mcfadden-contraste-01;hoover-mcfadden;calibracao;contraste;samples/hoover-mcfadden/contraste-01.md;7d91ae4188e94f222a5c751efde33ffbf4f54b878a97862d0d1a681d86400855;detectada;sanfona;15;Mas a parte que faz conta ficou lá na fachada, com as nove telhas que faltam, e aqui em cima, de joelhos na te;legitima;SUBSTITUIR POR JUSTIFICATIVA HUMANA ESPECÍFICA
hoover-mcfadden-contraste-01;hoover-mcfadden;calibracao;contraste;samples/hoover-mcfadden/contraste-01.md;7d91ae4188e94f222a5c751efde33ffbf4f54b878a97862d0d1a681d86400855;detectada;sanfona;16;Não sei como sei, e não preciso saber para ter certeza, e é essa certeza sem prova que me tira o chão mais do ;legitima;SUBSTITUIR POR JUSTIFICATIVA HUMANA ESPECÍFICA
hoover-mcfadden-contraste-01;hoover-mcfadden;calibracao;contraste;samples/hoover-mcfadden/contraste-01.md;7d91ae4188e94f222a5c751efde33ffbf4f54b878a97862d0d1a681d86400855;atestacao;sanfona;;;validado;SUBSTITUIR POR ATESTAÇÃO HUMANA DE REVISÃO INTEGRAL DESTE SINAL
hoover-mcfadden-contraste-01;hoover-mcfadden;calibracao;contraste;samples/hoover-mcfadden/contraste-01.md;7d91ae4188e94f222a5c751efde33ffbf4f54b878a97862d0d1a681d86400855;detectada;metafora_elaborada;1;como uma boca. Fruta no chão, comida de vespa. E passo pela horta, e a horta me;legitima;SUBSTITUIR POR JUSTIFICATIVA HUMANA ESPECÍFICA
hoover-mcfadden-contraste-01;hoover-mcfadden;calibracao;contraste;samples/hoover-mcfadden/contraste-01.md;7d91ae4188e94f222a5c751efde33ffbf4f54b878a97862d0d1a681d86400855;detectada;metafora_elaborada;2;como se anota um número que não bate no fim da coluna, e sigo, porque tenho a co;legitima;SUBSTITUIR POR JUSTIFICATIVA HUMANA ESPECÍFICA
hoover-mcfadden-contraste-01;hoover-mcfadden;calibracao;contraste;samples/hoover-mcfadden/contraste-01.md;7d91ae4188e94f222a5c751efde33ffbf4f54b878a97862d0d1a681d86400855;detectada;metafora_elaborada;3;como se a pedra fosse canteiro. Numa laje, papoula vermelha, três hastes. Na de;legitima;SUBSTITUIR POR JUSTIFICATIVA HUMANA ESPECÍFICA
hoover-mcfadden-contraste-01;hoover-mcfadden;calibracao;contraste;samples/hoover-mcfadden/contraste-01.md;7d91ae4188e94f222a5c751efde33ffbf4f54b878a97862d0d1a681d86400855;detectada;metafora_elaborada;4;como se quem cavou não quisesse descer — só alcançar. Enfiar o braço, tirar, sai;legitima;SUBSTITUIR POR JUSTIFICATIVA HUMANA ESPECÍFICA
hoover-mcfadden-contraste-01;hoover-mcfadden;calibracao;contraste;samples/hoover-mcfadden/contraste-01.md;7d91ae4188e94f222a5c751efde33ffbf4f54b878a97862d0d1a681d86400855;detectada;metafora_elaborada;5;como se fossem de outra pessoa. No canto de cima, na mesma tinta desbotada, o mê;legitima;SUBSTITUIR POR JUSTIFICATIVA HUMANA ESPECÍFICA
hoover-mcfadden-contraste-01;hoover-mcfadden;calibracao;contraste;samples/hoover-mcfadden/contraste-01.md;7d91ae4188e94f222a5c751efde33ffbf4f54b878a97862d0d1a681d86400855;detectada;metafora_elaborada;6;como sei. Não vi minha mãe, não guardo carta dela, não tenho como provar a ningu;legitima;SUBSTITUIR POR JUSTIFICATIVA HUMANA ESPECÍFICA
hoover-mcfadden-contraste-01;hoover-mcfadden;calibracao;contraste;samples/hoover-mcfadden/contraste-01.md;7d91ae4188e94f222a5c751efde33ffbf4f54b878a97862d0d1a681d86400855;detectada;metafora_elaborada;7;como sei, e não preciso saber para ter certeza, e é essa certeza sem prova que m;legitima;SUBSTITUIR POR JUSTIFICATIVA HUMANA ESPECÍFICA
hoover-mcfadden-contraste-01;hoover-mcfadden;calibracao;contraste;samples/hoover-mcfadden/contraste-01.md;7d91ae4188e94f222a5c751efde33ffbf4f54b878a97862d0d1a681d86400855;atestacao;metafora_elaborada;;;validado;SUBSTITUIR POR ATESTAÇÃO HUMANA DE REVISÃO INTEGRAL DESTE SINAL
hoover-mcfadden-contraste-01;hoover-mcfadden;calibracao;contraste;samples/hoover-mcfadden/contraste-01.md;7d91ae4188e94f222a5c751efde33ffbf4f54b878a97862d0d1a681d86400855;detectada;cadencia.fragmentos colados (≤4 palavras);1;Não vim sentir. Vim contar.;legitima;SUBSTITUIR POR JUSTIFICATIVA HUMANA ESPECÍFICA
hoover-mcfadden-contraste-01;hoover-mcfadden;calibracao;contraste;samples/hoover-mcfadden/contraste-01.md;7d91ae4188e94f222a5c751efde33ffbf4f54b878a97862d0d1a681d86400855;detectada;cadencia.fragmentos colados (≤4 palavras);2;Vim contar. Solto a aldrava.;legitima;SUBSTITUIR POR JUSTIFICATIVA HUMANA ESPECÍFICA
hoover-mcfadden-contraste-01;hoover-mcfadden;calibracao;contraste;samples/hoover-mcfadden/contraste-01.md;7d91ae4188e94f222a5c751efde33ffbf4f54b878a97862d0d1a681d86400855;detectada;cadencia.fragmentos colados (≤4 palavras);3;Quem vende não rega. Quem rega não vende.;legitima;SUBSTITUIR POR JUSTIFICATIVA HUMANA ESPECÍFICA
hoover-mcfadden-contraste-01;hoover-mcfadden;calibracao;contraste;samples/hoover-mcfadden/contraste-01.md;7d91ae4188e94f222a5c751efde33ffbf4f54b878a97862d0d1a681d86400855;detectada;cadencia.fragmentos colados (≤4 palavras);4;Não foi cortada. Foi puxada.;legitima;SUBSTITUIR POR JUSTIFICATIVA HUMANA ESPECÍFICA
hoover-mcfadden-contraste-01;hoover-mcfadden;calibracao;contraste;samples/hoover-mcfadden/contraste-01.md;7d91ae4188e94f222a5c751efde33ffbf4f54b878a97862d0d1a681d86400855;detectada;cadencia.fragmentos colados (≤4 palavras);5;Mas alguém recebeu. Alguém guardou.;legitima;SUBSTITUIR POR JUSTIFICATIVA HUMANA ESPECÍFICA
hoover-mcfadden-contraste-01;hoover-mcfadden;calibracao;contraste;samples/hoover-mcfadden/contraste-01.md;7d91ae4188e94f222a5c751efde33ffbf4f54b878a97862d0d1a681d86400855;atestacao;cadencia.fragmentos colados (≤4 palavras);;;validado;SUBSTITUIR POR ATESTAÇÃO HUMANA DE REVISÃO INTEGRAL DESTE SINAL
hoover-mcfadden-contraste-01;hoover-mcfadden;calibracao;contraste;samples/hoover-mcfadden/contraste-01.md;7d91ae4188e94f222a5c751efde33ffbf4f54b878a97862d0d1a681d86400855;atestacao;cadencia.staccato (frases curtas);;;validado;SUBSTITUIR POR ATESTAÇÃO HUMANA DE REVISÃO INTEGRAL DESTE SINAL
hoover-mcfadden-contraste-01;hoover-mcfadden;calibracao;contraste;samples/hoover-mcfadden/contraste-01.md;7d91ae4188e94f222a5c751efde33ffbf4f54b878a97862d0d1a681d86400855;detectada;cadencia.clipe de negação curto;1;Não vim sentir.;legitima;SUBSTITUIR POR JUSTIFICATIVA HUMANA ESPECÍFICA
hoover-mcfadden-contraste-01;hoover-mcfadden;calibracao;contraste;samples/hoover-mcfadden/contraste-01.md;7d91ae4188e94f222a5c751efde33ffbf4f54b878a97862d0d1a681d86400855;detectada;cadencia.clipe de negação curto;2;Não entro.;legitima;SUBSTITUIR POR JUSTIFICATIVA HUMANA ESPECÍFICA
hoover-mcfadden-contraste-01;hoover-mcfadden;calibracao;contraste;samples/hoover-mcfadden/contraste-01.md;7d91ae4188e94f222a5c751efde33ffbf4f54b878a97862d0d1a681d86400855;detectada;cadencia.clipe de negação curto;3;Não foi cortada.;legitima;SUBSTITUIR POR JUSTIFICATIVA HUMANA ESPECÍFICA
hoover-mcfadden-contraste-01;hoover-mcfadden;calibracao;contraste;samples/hoover-mcfadden/contraste-01.md;7d91ae4188e94f222a5c751efde33ffbf4f54b878a97862d0d1a681d86400855;atestacao;cadencia.clipe de negação curto;;;validado;SUBSTITUIR POR ATESTAÇÃO HUMANA DE REVISÃO INTEGRAL DESTE SINAL
hoover-mcfadden-contraste-01;hoover-mcfadden;calibracao;contraste;samples/hoover-mcfadden/contraste-01.md;7d91ae4188e94f222a5c751efde33ffbf4f54b878a97862d0d1a681d86400855;detectada;cadencia.anáfora (frases coladas, mesmo início);1;Quem vende não rega. / Quem rega não vende.;legitima;SUBSTITUIR POR JUSTIFICATIVA HUMANA ESPECÍFICA
hoover-mcfadden-contraste-01;hoover-mcfadden;calibracao;contraste;samples/hoover-mcfadden/contraste-01.md;7d91ae4188e94f222a5c751efde33ffbf4f54b878a97862d0d1a681d86400855;detectada;cadencia.anáfora (frases coladas, mesmo início);2;Ladrão, digo. / Ladrão de defunto rico, procurando anel, dente de ouro, o que os antigos enterravam com os seu;legitima;SUBSTITUIR POR JUSTIFICATIVA HUMANA ESPECÍFICA
hoover-mcfadden-contraste-01;hoover-mcfadden;calibracao;contraste;samples/hoover-mcfadden/contraste-01.md;7d91ae4188e94f222a5c751efde33ffbf4f54b878a97862d0d1a681d86400855;detectada;cadencia.anáfora (frases coladas, mesmo início);3;Não sei para quem ela escreve. / Não sou eu — eu não recebia carta de morta, eu nem sabia ler quando ela ficou;legitima;SUBSTITUIR POR JUSTIFICATIVA HUMANA ESPECÍFICA
hoover-mcfadden-contraste-01;hoover-mcfadden;calibracao;contraste;samples/hoover-mcfadden/contraste-01.md;7d91ae4188e94f222a5c751efde33ffbf4f54b878a97862d0d1a681d86400855;detectada;cadencia.anáfora (frases coladas, mesmo início);4;Alguém guardou. / Alguém enfiou o guardado nesta cova sob um oleado e deixou a terra empilhada para dentro.;legitima;SUBSTITUIR POR JUSTIFICATIVA HUMANA ESPECÍFICA
hoover-mcfadden-contraste-01;hoover-mcfadden;calibracao;contraste;samples/hoover-mcfadden/contraste-01.md;7d91ae4188e94f222a5c751efde33ffbf4f54b878a97862d0d1a681d86400855;detectada;cadencia.anáfora (frases coladas, mesmo início);5;Não sei como sei. / Não vi minha mãe, não guardo carta dela, não tenho como provar a ninguém, nem a mim, que e;legitima;SUBSTITUIR POR JUSTIFICATIVA HUMANA ESPECÍFICA
hoover-mcfadden-contraste-01;hoover-mcfadden;calibracao;contraste;samples/hoover-mcfadden/contraste-01.md;7d91ae4188e94f222a5c751efde33ffbf4f54b878a97862d0d1a681d86400855;atestacao;cadencia.anáfora (frases coladas, mesmo início);;;validado;SUBSTITUIR POR ATESTAÇÃO HUMANA DE REVISÃO INTEGRAL DESTE SINAL
hoover-mcfadden-contraste-01;hoover-mcfadden;calibracao;contraste;samples/hoover-mcfadden/contraste-01.md;7d91ae4188e94f222a5c751efde33ffbf4f54b878a97862d0d1a681d86400855;atestacao;cadencia.epigrama antitético;;;validado;SUBSTITUIR POR ATESTAÇÃO HUMANA DE REVISÃO INTEGRAL DESTE SINAL
hoover-mcfadden-contraste-01;hoover-mcfadden;calibracao;contraste;samples/hoover-mcfadden/contraste-01.md;7d91ae4188e94f222a5c751efde33ffbf4f54b878a97862d0d1a681d86400855;detectada;cadencia.fragmento de ênfase (Regra 4 ≤1–2);1;Deixo estar.;legitima;SUBSTITUIR POR JUSTIFICATIVA HUMANA ESPECÍFICA
hoover-mcfadden-contraste-01;hoover-mcfadden;calibracao;contraste;samples/hoover-mcfadden/contraste-01.md;7d91ae4188e94f222a5c751efde33ffbf4f54b878a97862d0d1a681d86400855;detectada;cadencia.fragmento de ênfase (Regra 4 ≤1–2);2;Não vim sentir.;legitima;SUBSTITUIR POR JUSTIFICATIVA HUMANA ESPECÍFICA
hoover-mcfadden-contraste-01;hoover-mcfadden;calibracao;contraste;samples/hoover-mcfadden/contraste-01.md;7d91ae4188e94f222a5c751efde33ffbf4f54b878a97862d0d1a681d86400855;detectada;cadencia.fragmento de ênfase (Regra 4 ≤1–2);3;Vim contar.;legitima;SUBSTITUIR POR JUSTIFICATIVA HUMANA ESPECÍFICA
hoover-mcfadden-contraste-01;hoover-mcfadden;calibracao;contraste;samples/hoover-mcfadden/contraste-01.md;7d91ae4188e94f222a5c751efde33ffbf4f54b878a97862d0d1a681d86400855;detectada;cadencia.fragmento de ênfase (Regra 4 ≤1–2);4;Não entro.;legitima;SUBSTITUIR POR JUSTIFICATIVA HUMANA ESPECÍFICA
hoover-mcfadden-contraste-01;hoover-mcfadden;calibracao;contraste;samples/hoover-mcfadden/contraste-01.md;7d91ae4188e94f222a5c751efde33ffbf4f54b878a97862d0d1a681d86400855;detectada;cadencia.fragmento de ênfase (Regra 4 ≤1–2);5;Há flor.;legitima;SUBSTITUIR POR JUSTIFICATIVA HUMANA ESPECÍFICA
hoover-mcfadden-contraste-01;hoover-mcfadden;calibracao;contraste;samples/hoover-mcfadden/contraste-01.md;7d91ae4188e94f222a5c751efde33ffbf4f54b878a97862d0d1a681d86400855;detectada;cadencia.fragmento de ênfase (Regra 4 ≤1–2);6;É bonito.;legitima;SUBSTITUIR POR JUSTIFICATIVA HUMANA ESPECÍFICA
hoover-mcfadden-contraste-01;hoover-mcfadden;calibracao;contraste;samples/hoover-mcfadden/contraste-01.md;7d91ae4188e94f222a5c751efde33ffbf4f54b878a97862d0d1a681d86400855;detectada;cadencia.fragmento de ênfase (Regra 4 ≤1–2);7;Devia descer.;legitima;SUBSTITUIR POR JUSTIFICATIVA HUMANA ESPECÍFICA
hoover-mcfadden-contraste-01;hoover-mcfadden;calibracao;contraste;samples/hoover-mcfadden/contraste-01.md;7d91ae4188e94f222a5c751efde33ffbf4f54b878a97862d0d1a681d86400855;detectada;cadencia.fragmento de ênfase (Regra 4 ≤1–2);8;Foi rápido.;legitima;SUBSTITUIR POR JUSTIFICATIVA HUMANA ESPECÍFICA
hoover-mcfadden-contraste-01;hoover-mcfadden;calibracao;contraste;samples/hoover-mcfadden/contraste-01.md;7d91ae4188e94f222a5c751efde33ffbf4f54b878a97862d0d1a681d86400855;detectada;cadencia.fragmento de ênfase (Regra 4 ≤1–2);9;Não foi cortada.;legitima;SUBSTITUIR POR JUSTIFICATIVA HUMANA ESPECÍFICA
hoover-mcfadden-contraste-01;hoover-mcfadden;calibracao;contraste;samples/hoover-mcfadden/contraste-01.md;7d91ae4188e94f222a5c751efde33ffbf4f54b878a97862d0d1a681d86400855;detectada;cadencia.fragmento de ênfase (Regra 4 ≤1–2);10;Foi puxada.;legitima;SUBSTITUIR POR JUSTIFICATIVA HUMANA ESPECÍFICA
hoover-mcfadden-contraste-01;hoover-mcfadden;calibracao;contraste;samples/hoover-mcfadden/contraste-01.md;7d91ae4188e94f222a5c751efde33ffbf4f54b878a97862d0d1a681d86400855;detectada;cadencia.fragmento de ênfase (Regra 4 ≤1–2);11;Ladrão, digo.;legitima;SUBSTITUIR POR JUSTIFICATIVA HUMANA ESPECÍFICA
hoover-mcfadden-contraste-01;hoover-mcfadden;calibracao;contraste;samples/hoover-mcfadden/contraste-01.md;7d91ae4188e94f222a5c751efde33ffbf4f54b878a97862d0d1a681d86400855;detectada;cadencia.fragmento de ênfase (Regra 4 ≤1–2);12;Deixada aberta.;legitima;SUBSTITUIR POR JUSTIFICATIVA HUMANA ESPECÍFICA
hoover-mcfadden-contraste-01;hoover-mcfadden;calibracao;contraste;samples/hoover-mcfadden/contraste-01.md;7d91ae4188e94f222a5c751efde33ffbf4f54b878a97862d0d1a681d86400855;detectada;cadencia.fragmento de ênfase (Regra 4 ≤1–2);13;Puxo.;legitima;SUBSTITUIR POR JUSTIFICATIVA HUMANA ESPECÍFICA
hoover-mcfadden-contraste-01;hoover-mcfadden;calibracao;contraste;samples/hoover-mcfadden/contraste-01.md;7d91ae4188e94f222a5c751efde33ffbf4f54b878a97862d0d1a681d86400855;detectada;cadencia.fragmento de ênfase (Regra 4 ≤1–2);14;Cartas.;legitima;SUBSTITUIR POR JUSTIFICATIVA HUMANA ESPECÍFICA
hoover-mcfadden-contraste-01;hoover-mcfadden;calibracao;contraste;samples/hoover-mcfadden/contraste-01.md;7d91ae4188e94f222a5c751efde33ffbf4f54b878a97862d0d1a681d86400855;detectada;cadencia.fragmento de ênfase (Regra 4 ≤1–2);15;*Delia.*;legitima;SUBSTITUIR POR JUSTIFICATIVA HUMANA ESPECÍFICA
hoover-mcfadden-contraste-01;hoover-mcfadden;calibracao;contraste;samples/hoover-mcfadden/contraste-01.md;7d91ae4188e94f222a5c751efde33ffbf4f54b878a97862d0d1a681d86400855;detectada;cadencia.fragmento de ênfase (Regra 4 ≤1–2);16;Delia.;legitima;SUBSTITUIR POR JUSTIFICATIVA HUMANA ESPECÍFICA
hoover-mcfadden-contraste-01;hoover-mcfadden;calibracao;contraste;samples/hoover-mcfadden/contraste-01.md;7d91ae4188e94f222a5c751efde33ffbf4f54b878a97862d0d1a681d86400855;detectada;cadencia.fragmento de ênfase (Regra 4 ≤1–2);17;Delia.;legitima;SUBSTITUIR POR JUSTIFICATIVA HUMANA ESPECÍFICA
hoover-mcfadden-contraste-01;hoover-mcfadden;calibracao;contraste;samples/hoover-mcfadden/contraste-01.md;7d91ae4188e94f222a5c751efde33ffbf4f54b878a97862d0d1a681d86400855;detectada;cadencia.fragmento de ênfase (Regra 4 ≤1–2);18;Alguém guardou.;legitima;SUBSTITUIR POR JUSTIFICATIVA HUMANA ESPECÍFICA
hoover-mcfadden-contraste-01;hoover-mcfadden;calibracao;contraste;samples/hoover-mcfadden/contraste-01.md;7d91ae4188e94f222a5c751efde33ffbf4f54b878a97862d0d1a681d86400855;detectada;cadencia.fragmento de ênfase (Regra 4 ≤1–2);19;Mas sei.;legitima;SUBSTITUIR POR JUSTIFICATIVA HUMANA ESPECÍFICA
hoover-mcfadden-contraste-01;hoover-mcfadden;calibracao;contraste;samples/hoover-mcfadden/contraste-01.md;7d91ae4188e94f222a5c751efde33ffbf4f54b878a97862d0d1a681d86400855;atestacao;cadencia.fragmento de ênfase (Regra 4 ≤1–2);;;validado;SUBSTITUIR POR ATESTAÇÃO HUMANA DE REVISÃO INTEGRAL DESTE SINAL
hoover-mcfadden-contraste-01;hoover-mcfadden;calibracao;contraste;samples/hoover-mcfadden/contraste-01.md;7d91ae4188e94f222a5c751efde33ffbf4f54b878a97862d0d1a681d86400855;atestacao;cadencia.fragmentos de ênfase COLADOS (Regra 4: nunca dois);;;validado;SUBSTITUIR POR ATESTAÇÃO HUMANA DE REVISÃO INTEGRAL DESTE SINAL
hoover-mcfadden-contraste-01;hoover-mcfadden;calibracao;contraste;samples/hoover-mcfadden/contraste-01.md;7d91ae4188e94f222a5c751efde33ffbf4f54b878a97862d0d1a681d86400855;detectada;cadencia.pensamento em itálico (Regra 4 ≤2–3);1;qui giace;legitima;SUBSTITUIR POR JUSTIFICATIVA HUMANA ESPECÍFICA
hoover-mcfadden-contraste-01;hoover-mcfadden;calibracao;contraste;samples/hoover-mcfadden/contraste-01.md;7d91ae4188e94f222a5c751efde33ffbf4f54b878a97862d0d1a681d86400855;detectada;cadencia.pensamento em itálico (Regra 4 ≤2–3);2;notaio;legitima;SUBSTITUIR POR JUSTIFICATIVA HUMANA ESPECÍFICA
hoover-mcfadden-contraste-01;hoover-mcfadden;calibracao;contraste;samples/hoover-mcfadden/contraste-01.md;7d91ae4188e94f222a5c751efde33ffbf4f54b878a97862d0d1a681d86400855;detectada;cadencia.pensamento em itálico (Regra 4 ≤2–3);3;Delia.;legitima;SUBSTITUIR POR JUSTIFICATIVA HUMANA ESPECÍFICA
hoover-mcfadden-contraste-01;hoover-mcfadden;calibracao;contraste;samples/hoover-mcfadden/contraste-01.md;7d91ae4188e94f222a5c751efde33ffbf4f54b878a97862d0d1a681d86400855;atestacao;cadencia.pensamento em itálico (Regra 4 ≤2–3);;;validado;SUBSTITUIR POR ATESTAÇÃO HUMANA DE REVISÃO INTEGRAL DESTE SINAL
hoover-mcfadden-contraste-01;hoover-mcfadden;calibracao;contraste;samples/hoover-mcfadden/contraste-01.md;7d91ae4188e94f222a5c751efde33ffbf4f54b878a97862d0d1a681d86400855;atestacao;cadencia.pergunta retórica (Regra 4 ≤1–2);;;validado;SUBSTITUIR POR ATESTAÇÃO HUMANA DE REVISÃO INTEGRAL DESTE SINAL
hoover-mcfadden-contraste-02;hoover-mcfadden;calibracao;contraste;samples/hoover-mcfadden/contraste-02.md;7b24acd645367c00ebcb424fb366bfa0a8ee20a2dc1734d71aa831c29358955a;detectada;gnomico;1;Um homem que lida com a terra e não quer levar a terra consigo.;legitima;SUBSTITUIR POR JUSTIFICATIVA HUMANA ESPECÍFICA
hoover-mcfadden-contraste-02;hoover-mcfadden;calibracao;contraste;samples/hoover-mcfadden/contraste-02.md;7b24acd645367c00ebcb424fb366bfa0a8ee20a2dc1734d71aa831c29358955a;detectada;gnomico;2;Um homem que chama de inútil o cemitério da própria patroa ou é honesto demais ou é hábil ;legitima;SUBSTITUIR POR JUSTIFICATIVA HUMANA ESPECÍFICA
hoover-mcfadden-contraste-02;hoover-mcfadden;calibracao;contraste;samples/hoover-mcfadden/contraste-02.md;7b24acd645367c00ebcb424fb366bfa0a8ee20a2dc1734d71aa831c29358955a;detectada;gnomico;3;Mas tem coração ainda.;legitima;SUBSTITUIR POR JUSTIFICATIVA HUMANA ESPECÍFICA
hoover-mcfadden-contraste-02;hoover-mcfadden;calibracao;contraste;samples/hoover-mcfadden/contraste-02.md;7b24acd645367c00ebcb424fb366bfa0a8ee20a2dc1734d71aa831c29358955a;detectada;gnomico;4;Quem cava uma sepultura joga a terra para longe, para ter onde descer.;legitima;SUBSTITUIR POR JUSTIFICATIVA HUMANA ESPECÍFICA
hoover-mcfadden-contraste-02;hoover-mcfadden;calibracao;contraste;samples/hoover-mcfadden/contraste-02.md;7b24acd645367c00ebcb424fb366bfa0a8ee20a2dc1734d71aa831c29358955a;atestacao;gnomico;;;validado;SUBSTITUIR POR ATESTAÇÃO HUMANA DE REVISÃO INTEGRAL DESTE SINAL
hoover-mcfadden-contraste-02;hoover-mcfadden;calibracao;contraste;samples/hoover-mcfadden/contraste-02.md;7b24acd645367c00ebcb424fb366bfa0a8ee20a2dc1734d71aa831c29358955a;detectada;personificacao;1;Um homem que segura com as duas mãos os pedaços que dá para segurar e deixa o resto afundar porque n;legitima;SUBSTITUIR POR JUSTIFICATIVA HUMANA ESPECÍFICA
hoover-mcfadden-contraste-02;hoover-mcfadden;calibracao;contraste;samples/hoover-mcfadden/contraste-02.md;7b24acd645367c00ebcb424fb366bfa0a8ee20a2dc1734d71aa831c29358955a;atestacao;personificacao;;;validado;SUBSTITUIR POR ATESTAÇÃO HUMANA DE REVISÃO INTEGRAL DESTE SINAL
hoover-mcfadden-contraste-02;hoover-mcfadden;calibracao;contraste;samples/hoover-mcfadden/contraste-02.md;7b24acd645367c00ebcb424fb366bfa0a8ee20a2dc1734d71aa831c29358955a;detectada;sanfona;1;Recuso o pensamento fácil — não são de minha mãe, são prova —, porque uma mulher que veio vender uma casa apre;legitima;SUBSTITUIR POR JUSTIFICATIVA HUMANA ESPECÍFICA
hoover-mcfadden-contraste-02;hoover-mcfadden;calibracao;contraste;samples/hoover-mcfadden/contraste-02.md;7b24acd645367c00ebcb424fb366bfa0a8ee20a2dc1734d71aa831c29358955a;detectada;sanfona;2;Este é mais novo, alto, de ombros de quem carrega peso o dia todo, e o primeiro que meço nele não é o rosto.;legitima;SUBSTITUIR POR JUSTIFICATIVA HUMANA ESPECÍFICA
hoover-mcfadden-contraste-02;hoover-mcfadden;calibracao;contraste;samples/hoover-mcfadden/contraste-02.md;7b24acd645367c00ebcb424fb366bfa0a8ee20a2dc1734d71aa831c29358955a;detectada;sanfona;3;Mãos grandes, calejadas na palma e limpas nas unhas — mãos que trabalham e que se lavam, o que não é comum no ;legitima;SUBSTITUIR POR JUSTIFICATIVA HUMANA ESPECÍFICA
hoover-mcfadden-contraste-02;hoover-mcfadden;calibracao;contraste;samples/hoover-mcfadden/contraste-02.md;7b24acd645367c00ebcb424fb366bfa0a8ee20a2dc1734d71aa831c29358955a;detectada;sanfona;4;Chamo o alívio de cálculo, digo para mim que é prático ter logo o administrador à mão, quando não é: é medo co;legitima;SUBSTITUIR POR JUSTIFICATIVA HUMANA ESPECÍFICA
hoover-mcfadden-contraste-02;hoover-mcfadden;calibracao;contraste;samples/hoover-mcfadden/contraste-02.md;7b24acd645367c00ebcb424fb366bfa0a8ee20a2dc1734d71aa831c29358955a;detectada;sanfona;5;Lorenzo olha em volta — os túmulos, a glicínia, a fila de flores rente às lajes — e o olhar dele passa pelo ca;legitima;SUBSTITUIR POR JUSTIFICATIVA HUMANA ESPECÍFICA
hoover-mcfadden-contraste-02;hoover-mcfadden;calibracao;contraste;samples/hoover-mcfadden/contraste-02.md;7b24acd645367c00ebcb424fb366bfa0a8ee20a2dc1734d71aa831c29358955a;detectada;sanfona;6;Ficar sozinha, esperar ele descer, voltar de joelhos para aquela cova e puxar o oleado até o fim, saber se há ;legitima;SUBSTITUIR POR JUSTIFICATIVA HUMANA ESPECÍFICA
hoover-mcfadden-contraste-02;hoover-mcfadden;calibracao;contraste;samples/hoover-mcfadden/contraste-02.md;7b24acd645367c00ebcb424fb366bfa0a8ee20a2dc1734d71aa831c29358955a;detectada;sanfona;7;Saio do cemitério atrás dele e sinto o corpete apertar contra as costelas a cada passo, o maço lá dentro, quen;legitima;SUBSTITUIR POR JUSTIFICATIVA HUMANA ESPECÍFICA
hoover-mcfadden-contraste-02;hoover-mcfadden;calibracao;contraste;samples/hoover-mcfadden/contraste-02.md;7b24acd645367c00ebcb424fb366bfa0a8ee20a2dc1734d71aa831c29358955a;detectada;sanfona;8;Fala olhando o barril, não a mim, e mesmo assim sinto que a frase é para mim, e me endureço contra ela.;legitima;SUBSTITUIR POR JUSTIFICATIVA HUMANA ESPECÍFICA
hoover-mcfadden-contraste-02;hoover-mcfadden;calibracao;contraste;samples/hoover-mcfadden/contraste-02.md;7b24acd645367c00ebcb424fb366bfa0a8ee20a2dc1734d71aa831c29358955a;detectada;sanfona;9;As cartas continuam no meu corpete, por ler à luz, e a cova continua aberta lá dentro com o oleado que não ter;legitima;SUBSTITUIR POR JUSTIFICATIVA HUMANA ESPECÍFICA
hoover-mcfadden-contraste-02;hoover-mcfadden;calibracao;contraste;samples/hoover-mcfadden/contraste-02.md;7b24acd645367c00ebcb424fb366bfa0a8ee20a2dc1734d71aa831c29358955a;detectada;sanfona;10;Ele estende o braço para o caminho, para a villa, para a sopa quente, para tudo que não é o buraco.;legitima;SUBSTITUIR POR JUSTIFICATIVA HUMANA ESPECÍFICA
hoover-mcfadden-contraste-02;hoover-mcfadden;calibracao;contraste;samples/hoover-mcfadden/contraste-02.md;7b24acd645367c00ebcb424fb366bfa0a8ee20a2dc1734d71aa831c29358955a;detectada;sanfona;11;E eu, que vim para o buraco, que tenho no corpete a razão de não sair de perto dele, olho a mão aberta de Lore;legitima;SUBSTITUIR POR JUSTIFICATIVA HUMANA ESPECÍFICA
hoover-mcfadden-contraste-02;hoover-mcfadden;calibracao;contraste;samples/hoover-mcfadden/contraste-02.md;7b24acd645367c00ebcb424fb366bfa0a8ee20a2dc1734d71aa831c29358955a;atestacao;sanfona;;;validado;SUBSTITUIR POR ATESTAÇÃO HUMANA DE REVISÃO INTEGRAL DESTE SINAL
hoover-mcfadden-contraste-02;hoover-mcfadden;calibracao;contraste;samples/hoover-mcfadden/contraste-02.md;7b24acd645367c00ebcb424fb366bfa0a8ee20a2dc1734d71aa831c29358955a;detectada;metafora_elaborada;1;como se a pergunta lhe dissesse algo de mim que ele não esperava. — Eu — diz. —;legitima;SUBSTITUIR POR JUSTIFICATIVA HUMANA ESPECÍFICA
hoover-mcfadden-contraste-02;hoover-mcfadden;calibracao;contraste;samples/hoover-mcfadden/contraste-02.md;7b24acd645367c00ebcb424fb366bfa0a8ee20a2dc1734d71aa831c29358955a;detectada;metafora_elaborada;2;como quem esconde uma pedra na bochecha, para cuspir quando for hora. — A adeg;legitima;SUBSTITUIR POR JUSTIFICATIVA HUMANA ESPECÍFICA
hoover-mcfadden-contraste-02;hoover-mcfadden;calibracao;contraste;samples/hoover-mcfadden/contraste-02.md;7b24acd645367c00ebcb424fb366bfa0a8ee20a2dc1734d71aa831c29358955a;detectada;metafora_elaborada;3;como semente enterrada, invisível, esperando o tempo para brotar. Por que a cov;legitima;SUBSTITUIR POR JUSTIFICATIVA HUMANA ESPECÍFICA
hoover-mcfadden-contraste-02;hoover-mcfadden;calibracao;contraste;samples/hoover-mcfadden/contraste-02.md;7b24acd645367c00ebcb424fb366bfa0a8ee20a2dc1734d71aa831c29358955a;atestacao;metafora_elaborada;;;validado;SUBSTITUIR POR ATESTAÇÃO HUMANA DE REVISÃO INTEGRAL DESTE SINAL
hoover-mcfadden-contraste-02;hoover-mcfadden;calibracao;contraste;samples/hoover-mcfadden/contraste-02.md;7b24acd645367c00ebcb424fb366bfa0a8ee20a2dc1734d71aa831c29358955a;detectada;cadencia.fragmentos colados (≤4 palavras);1;Paro sem querer. Meço, por hábito.;legitima;SUBSTITUIR POR JUSTIFICATIVA HUMANA ESPECÍFICA
hoover-mcfadden-contraste-02;hoover-mcfadden;calibracao;contraste;samples/hoover-mcfadden/contraste-02.md;7b24acd645367c00ebcb424fb366bfa0a8ee20a2dc1734d71aa831c29358955a;detectada;cadencia.fragmentos colados (≤4 palavras);2;Meço, por hábito. Meio hectare, talvez menos.;legitima;SUBSTITUIR POR JUSTIFICATIVA HUMANA ESPECÍFICA
hoover-mcfadden-contraste-02;hoover-mcfadden;calibracao;contraste;samples/hoover-mcfadden/contraste-02.md;7b24acd645367c00ebcb424fb366bfa0a8ee20a2dc1734d71aa831c29358955a;detectada;cadencia.fragmentos colados (≤4 palavras);3;A tarde inteira. Perdi a tarde inteira.;legitima;SUBSTITUIR POR JUSTIFICATIVA HUMANA ESPECÍFICA
hoover-mcfadden-contraste-02;hoover-mcfadden;calibracao;contraste;samples/hoover-mcfadden/contraste-02.md;7b24acd645367c00ebcb424fb366bfa0a8ee20a2dc1734d71aa831c29358955a;detectada;cadencia.fragmentos colados (≤4 palavras);4;Um gesto pequeno. Arrumar.;legitima;SUBSTITUIR POR JUSTIFICATIVA HUMANA ESPECÍFICA
hoover-mcfadden-contraste-02;hoover-mcfadden;calibracao;contraste;samples/hoover-mcfadden/contraste-02.md;7b24acd645367c00ebcb424fb366bfa0a8ee20a2dc1734d71aa831c29358955a;detectada;cadencia.fragmentos colados (≤4 palavras);5;Arrumar. Nem repara que faz.;legitima;SUBSTITUIR POR JUSTIFICATIVA HUMANA ESPECÍFICA
hoover-mcfadden-contraste-02;hoover-mcfadden;calibracao;contraste;samples/hoover-mcfadden/contraste-02.md;7b24acd645367c00ebcb424fb366bfa0a8ee20a2dc1734d71aa831c29358955a;atestacao;cadencia.fragmentos colados (≤4 palavras);;;validado;SUBSTITUIR POR ATESTAÇÃO HUMANA DE REVISÃO INTEGRAL DESTE SINAL
hoover-mcfadden-contraste-02;hoover-mcfadden;calibracao;contraste;samples/hoover-mcfadden/contraste-02.md;7b24acd645367c00ebcb424fb366bfa0a8ee20a2dc1734d71aa831c29358955a;atestacao;cadencia.staccato (frases curtas);;;validado;SUBSTITUIR POR ATESTAÇÃO HUMANA DE REVISÃO INTEGRAL DESTE SINAL
hoover-mcfadden-contraste-02;hoover-mcfadden;calibracao;contraste;samples/hoover-mcfadden/contraste-02.md;7b24acd645367c00ebcb424fb366bfa0a8ee20a2dc1734d71aa831c29358955a;atestacao;cadencia.clipe de negação curto;;;validado;SUBSTITUIR POR ATESTAÇÃO HUMANA DE REVISÃO INTEGRAL DESTE SINAL
hoover-mcfadden-contraste-02;hoover-mcfadden;calibracao;contraste;samples/hoover-mcfadden/contraste-02.md;7b24acd645367c00ebcb424fb366bfa0a8ee20a2dc1734d71aa831c29358955a;detectada;cadencia.anáfora (frases coladas, mesmo início);1;Devia dizer que não. / Devia dizer que estou cansada da viagem, que vejo tudo com calma outro dia, e ficar.;legitima;SUBSTITUIR POR JUSTIFICATIVA HUMANA ESPECÍFICA
hoover-mcfadden-contraste-02;hoover-mcfadden;calibracao;contraste;samples/hoover-mcfadden/contraste-02.md;7b24acd645367c00ebcb424fb366bfa0a8ee20a2dc1734d71aa831c29358955a;atestacao;cadencia.anáfora (frases coladas, mesmo início);;;validado;SUBSTITUIR POR ATESTAÇÃO HUMANA DE REVISÃO INTEGRAL DESTE SINAL
hoover-mcfadden-contraste-02;hoover-mcfadden;calibracao;contraste;samples/hoover-mcfadden/contraste-02.md;7b24acd645367c00ebcb424fb366bfa0a8ee20a2dc1734d71aa831c29358955a;atestacao;cadencia.epigrama antitético;;;validado;SUBSTITUIR POR ATESTAÇÃO HUMANA DE REVISÃO INTEGRAL DESTE SINAL
hoover-mcfadden-contraste-02;hoover-mcfadden;calibracao;contraste;samples/hoover-mcfadden/contraste-02.md;7b24acd645367c00ebcb424fb366bfa0a8ee20a2dc1734d71aa831c29358955a;detectada;cadencia.fragmento de ênfase (Regra 4 ≤1–2);1;E digo:;legitima;SUBSTITUIR POR JUSTIFICATIVA HUMANA ESPECÍFICA
hoover-mcfadden-contraste-02;hoover-mcfadden;calibracao;contraste;samples/hoover-mcfadden/contraste-02.md;7b24acd645367c00ebcb424fb366bfa0a8ee20a2dc1734d71aa831c29358955a;detectada;cadencia.fragmento de ênfase (Regra 4 ≤1–2);2;Ele ri.;legitima;SUBSTITUIR POR JUSTIFICATIVA HUMANA ESPECÍFICA
hoover-mcfadden-contraste-02;hoover-mcfadden;calibracao;contraste;samples/hoover-mcfadden/contraste-02.md;7b24acd645367c00ebcb424fb366bfa0a8ee20a2dc1734d71aa831c29358955a;detectada;cadencia.fragmento de ênfase (Regra 4 ≤1–2);3;Zelo.;legitima;SUBSTITUIR POR JUSTIFICATIVA HUMANA ESPECÍFICA
hoover-mcfadden-contraste-02;hoover-mcfadden;calibracao;contraste;samples/hoover-mcfadden/contraste-02.md;7b24acd645367c00ebcb424fb366bfa0a8ee20a2dc1734d71aa831c29358955a;detectada;cadencia.fragmento de ênfase (Regra 4 ≤1–2);4;Arrumar.;legitima;SUBSTITUIR POR JUSTIFICATIVA HUMANA ESPECÍFICA
hoover-mcfadden-contraste-02;hoover-mcfadden;calibracao;contraste;samples/hoover-mcfadden/contraste-02.md;7b24acd645367c00ebcb424fb366bfa0a8ee20a2dc1734d71aa831c29358955a;atestacao;cadencia.fragmento de ênfase (Regra 4 ≤1–2);;;validado;SUBSTITUIR POR ATESTAÇÃO HUMANA DE REVISÃO INTEGRAL DESTE SINAL
hoover-mcfadden-contraste-02;hoover-mcfadden;calibracao;contraste;samples/hoover-mcfadden/contraste-02.md;7b24acd645367c00ebcb424fb366bfa0a8ee20a2dc1734d71aa831c29358955a;atestacao;cadencia.fragmentos de ênfase COLADOS (Regra 4: nunca dois);;;validado;SUBSTITUIR POR ATESTAÇÃO HUMANA DE REVISÃO INTEGRAL DESTE SINAL
hoover-mcfadden-contraste-02;hoover-mcfadden;calibracao;contraste;samples/hoover-mcfadden/contraste-02.md;7b24acd645367c00ebcb424fb366bfa0a8ee20a2dc1734d71aa831c29358955a;detectada;cadencia.pensamento em itálico (Regra 4 ≤2–3);1;signorina;legitima;SUBSTITUIR POR JUSTIFICATIVA HUMANA ESPECÍFICA
hoover-mcfadden-contraste-02;hoover-mcfadden;calibracao;contraste;samples/hoover-mcfadden/contraste-02.md;7b24acd645367c00ebcb424fb366bfa0a8ee20a2dc1734d71aa831c29358955a;detectada;cadencia.pensamento em itálico (Regra 4 ≤2–3);2;fattore;legitima;SUBSTITUIR POR JUSTIFICATIVA HUMANA ESPECÍFICA
hoover-mcfadden-contraste-02;hoover-mcfadden;calibracao;contraste;samples/hoover-mcfadden/contraste-02.md;7b24acd645367c00ebcb424fb366bfa0a8ee20a2dc1734d71aa831c29358955a;detectada;cadencia.pensamento em itálico (Regra 4 ≤2–3);3;Inútil.;legitima;SUBSTITUIR POR JUSTIFICATIVA HUMANA ESPECÍFICA
hoover-mcfadden-contraste-02;hoover-mcfadden;calibracao;contraste;samples/hoover-mcfadden/contraste-02.md;7b24acd645367c00ebcb424fb366bfa0a8ee20a2dc1734d71aa831c29358955a;atestacao;cadencia.pensamento em itálico (Regra 4 ≤2–3);;;validado;SUBSTITUIR POR ATESTAÇÃO HUMANA DE REVISÃO INTEGRAL DESTE SINAL
hoover-mcfadden-contraste-02;hoover-mcfadden;calibracao;contraste;samples/hoover-mcfadden/contraste-02.md;7b24acd645367c00ebcb424fb366bfa0a8ee20a2dc1734d71aa831c29358955a;detectada;cadencia.pergunta retórica (Regra 4 ≤1–2);1;E aqui tenho o pensamento que não vou dizer a ninguém, o pensamento de uma fração de segundo, rápido como faís;legitima;SUBSTITUIR POR JUSTIFICATIVA HUMANA ESPECÍFICA
hoover-mcfadden-contraste-02;hoover-mcfadden;calibracao;contraste;samples/hoover-mcfadden/contraste-02.md;7b24acd645367c00ebcb424fb366bfa0a8ee20a2dc1734d71aa831c29358955a;atestacao;cadencia.pergunta retórica (Regra 4 ≤1–2);;;validado;SUBSTITUIR POR ATESTAÇÃO HUMANA DE REVISÃO INTEGRAL DESTE SINAL
hoover-mcfadden-contraste-03;hoover-mcfadden;holdout;contraste;samples/hoover-mcfadden/contraste-03.md;a0c89d83a9fda529ab878683efcf3b8292703674e03f312aba214e9c99c79a0a;detectada;gnomico;1;Não se vira quando eu entro.;legitima;SUBSTITUIR POR JUSTIFICATIVA HUMANA ESPECÍFICA
hoover-mcfadden-contraste-03;hoover-mcfadden;holdout;contraste;samples/hoover-mcfadden/contraste-03.md;a0c89d83a9fda529ab878683efcf3b8292703674e03f312aba214e9c99c79a0a;detectada;gnomico;2;Os dedos leem a etiqueta.;legitima;SUBSTITUIR POR JUSTIFICATIVA HUMANA ESPECÍFICA
hoover-mcfadden-contraste-03;hoover-mcfadden;holdout;contraste;samples/hoover-mcfadden/contraste-03.md;a0c89d83a9fda529ab878683efcf3b8292703674e03f312aba214e9c99c79a0a;detectada;gnomico;3;porque a alternativa seria mentir e eu tenho uma regra sobre isso;legitima;SUBSTITUIR POR JUSTIFICATIVA HUMANA ESPECÍFICA
hoover-mcfadden-contraste-03;hoover-mcfadden;holdout;contraste;samples/hoover-mcfadden/contraste-03.md;a0c89d83a9fda529ab878683efcf3b8292703674e03f312aba214e9c99c79a0a;atestacao;gnomico;;;validado;SUBSTITUIR POR ATESTAÇÃO HUMANA DE REVISÃO INTEGRAL DESTE SINAL
hoover-mcfadden-contraste-03;hoover-mcfadden;holdout;contraste;samples/hoover-mcfadden/contraste-03.md;a0c89d83a9fda529ab878683efcf3b8292703674e03f312aba214e9c99c79a0a;atestacao;personificacao;;;validado;SUBSTITUIR POR ATESTAÇÃO HUMANA DE REVISÃO INTEGRAL DESTE SINAL
hoover-mcfadden-contraste-03;hoover-mcfadden;holdout;contraste;samples/hoover-mcfadden/contraste-03.md;a0c89d83a9fda529ab878683efcf3b8292703674e03f312aba214e9c99c79a0a;detectada;sanfona;1;Treze minutos de folga, e eu os gasto no vestiário conferindo se o crachá está reto, se a bainha da calça está;legitima;SUBSTITUIR POR JUSTIFICATIVA HUMANA ESPECÍFICA
hoover-mcfadden-contraste-03;hoover-mcfadden;holdout;contraste;samples/hoover-mcfadden/contraste-03.md;a0c89d83a9fda529ab878683efcf3b8292703674e03f312aba214e9c99c79a0a;detectada;sanfona;2;Não sei explicar isso de outro jeito: eu registro que há um nome no campo, o formato dele, duas palavras e uma;legitima;SUBSTITUIR POR JUSTIFICATIVA HUMANA ESPECÍFICA
hoover-mcfadden-contraste-03;hoover-mcfadden;holdout;contraste;samples/hoover-mcfadden/contraste-03.md;a0c89d83a9fda529ab878683efcf3b8292703674e03f312aba214e9c99c79a0a;detectada;sanfona;3;Digo que não sei e que vou perguntar no posto, e vou mesmo, e volto para dizer que não ligou, porque a alterna;legitima;SUBSTITUIR POR JUSTIFICATIVA HUMANA ESPECÍFICA
hoover-mcfadden-contraste-03;hoover-mcfadden;holdout;contraste;samples/hoover-mcfadden/contraste-03.md;a0c89d83a9fda529ab878683efcf3b8292703674e03f312aba214e9c99c79a0a;detectada;sanfona;4;Tem uma etiqueta de hospital colada no canto — daquelas de identificação de pertences — e alguém escreveu à mã;legitima;SUBSTITUIR POR JUSTIFICATIVA HUMANA ESPECÍFICA
hoover-mcfadden-contraste-03;hoover-mcfadden;holdout;contraste;samples/hoover-mcfadden/contraste-03.md;a0c89d83a9fda529ab878683efcf3b8292703674e03f312aba214e9c99c79a0a;detectada;sanfona;5;O caderno cor de vinho continua ali, entre a jarra e as luvas, e eu tenho que passar por ele para sair, e pass;legitima;SUBSTITUIR POR JUSTIFICATIVA HUMANA ESPECÍFICA
hoover-mcfadden-contraste-03;hoover-mcfadden;holdout;contraste;samples/hoover-mcfadden/contraste-03.md;a0c89d83a9fda529ab878683efcf3b8292703674e03f312aba214e9c99c79a0a;detectada;sanfona;6;Uma aspiração antes das dez, a enoxaparina às vinte e duas, a mudança de decúbito às vinte e duas também, se e;legitima;SUBSTITUIR POR JUSTIFICATIVA HUMANA ESPECÍFICA
hoover-mcfadden-contraste-03;hoover-mcfadden;holdout;contraste;samples/hoover-mcfadden/contraste-03.md;a0c89d83a9fda529ab878683efcf3b8292703674e03f312aba214e9c99c79a0a;detectada;sanfona;7;E é aí que o cheiro de tabaco molhado volta — não do corredor, não dele, de dentro de mim, subindo pela gargan;legitima;SUBSTITUIR POR JUSTIFICATIVA HUMANA ESPECÍFICA
hoover-mcfadden-contraste-03;hoover-mcfadden;holdout;contraste;samples/hoover-mcfadden/contraste-03.md;a0c89d83a9fda529ab878683efcf3b8292703674e03f312aba214e9c99c79a0a;atestacao;sanfona;;;validado;SUBSTITUIR POR ATESTAÇÃO HUMANA DE REVISÃO INTEGRAL DESTE SINAL
hoover-mcfadden-contraste-03;hoover-mcfadden;holdout;contraste;samples/hoover-mcfadden/contraste-03.md;a0c89d83a9fda529ab878683efcf3b8292703674e03f312aba214e9c99c79a0a;detectada;metafora_elaborada;1;como quem despeja: rápido, sem adjetivos. Gosto disso nela. — Leito 12, senhora;legitima;SUBSTITUIR POR JUSTIFICATIVA HUMANA ESPECÍFICA
hoover-mcfadden-contraste-03;hoover-mcfadden;holdout;contraste;samples/hoover-mcfadden/contraste-03.md;a0c89d83a9fda529ab878683efcf3b8292703674e03f312aba214e9c99c79a0a;detectada;metafora_elaborada;2;como se eu tivesse feito muito mais do que fiz. — Só isso? — ele pergunta. — S;legitima;SUBSTITUIR POR JUSTIFICATIVA HUMANA ESPECÍFICA
hoover-mcfadden-contraste-03;hoover-mcfadden;holdout;contraste;samples/hoover-mcfadden/contraste-03.md;a0c89d83a9fda529ab878683efcf3b8292703674e03f312aba214e9c99c79a0a;detectada;metafora_elaborada;3;feito muito mais do que fiz. — Só isso? — ele pergunta. — Só isso hoje. Ele r;legitima;SUBSTITUIR POR JUSTIFICATIVA HUMANA ESPECÍFICA
hoover-mcfadden-contraste-03;hoover-mcfadden;holdout;contraste;samples/hoover-mcfadden/contraste-03.md;a0c89d83a9fda529ab878683efcf3b8292703674e03f312aba214e9c99c79a0a;detectada;metafora_elaborada;4;como um livro que caiu na água e secou torto. Não tem nome na capa. Tem uma eti;legitima;SUBSTITUIR POR JUSTIFICATIVA HUMANA ESPECÍFICA
hoover-mcfadden-contraste-03;hoover-mcfadden;holdout;contraste;samples/hoover-mcfadden/contraste-03.md;a0c89d83a9fda529ab878683efcf3b8292703674e03f312aba214e9c99c79a0a;detectada;metafora_elaborada;5;como quem se corrige numa sala de aula. Eu deveria dizer alguma coisa aqui, é o;legitima;SUBSTITUIR POR JUSTIFICATIVA HUMANA ESPECÍFICA
hoover-mcfadden-contraste-03;hoover-mcfadden;holdout;contraste;samples/hoover-mcfadden/contraste-03.md;a0c89d83a9fda529ab878683efcf3b8292703674e03f312aba214e9c99c79a0a;detectada;metafora_elaborada;6;como se a estivesse aquecendo, ou como se estivesse verificando se ainda está lá;legitima;SUBSTITUIR POR JUSTIFICATIVA HUMANA ESPECÍFICA
hoover-mcfadden-contraste-03;hoover-mcfadden;holdout;contraste;samples/hoover-mcfadden/contraste-03.md;a0c89d83a9fda529ab878683efcf3b8292703674e03f312aba214e9c99c79a0a;detectada;metafora_elaborada;7;como se estivesse verificando se ainda está lá. Faço o resto. Confiro a fixação;legitima;SUBSTITUIR POR JUSTIFICATIVA HUMANA ESPECÍFICA
hoover-mcfadden-contraste-03;hoover-mcfadden;holdout;contraste;samples/hoover-mcfadden/contraste-03.md;a0c89d83a9fda529ab878683efcf3b8292703674e03f312aba214e9c99c79a0a;atestacao;metafora_elaborada;;;validado;SUBSTITUIR POR ATESTAÇÃO HUMANA DE REVISÃO INTEGRAL DESTE SINAL
hoover-mcfadden-contraste-03;hoover-mcfadden;holdout;contraste;samples/hoover-mcfadden/contraste-03.md;a0c89d83a9fda529ab878683efcf3b8292703674e03f312aba214e9c99c79a0a;detectada;cadencia.fragmentos colados (≤4 palavras);1;Larissa fecha a tela. Pega a caneca.;legitima;SUBSTITUIR POR JUSTIFICATIVA HUMANA ESPECÍFICA
hoover-mcfadden-contraste-03;hoover-mcfadden;holdout;contraste;samples/hoover-mcfadden/contraste-03.md;a0c89d83a9fda529ab878683efcf3b8292703674e03f312aba214e9c99c79a0a;detectada;cadencia.fragmentos colados (≤4 palavras);2;Temperatura axilar 36,4. Números.;legitima;SUBSTITUIR POR JUSTIFICATIVA HUMANA ESPECÍFICA
hoover-mcfadden-contraste-03;hoover-mcfadden;holdout;contraste;samples/hoover-mcfadden/contraste-03.md;a0c89d83a9fda529ab878683efcf3b8292703674e03f312aba214e9c99c79a0a;detectada;cadencia.fragmentos colados (≤4 palavras);3;Números. Os números são bons.;legitima;SUBSTITUIR POR JUSTIFICATIVA HUMANA ESPECÍFICA
hoover-mcfadden-contraste-03;hoover-mcfadden;holdout;contraste;samples/hoover-mcfadden/contraste-03.md;a0c89d83a9fda529ab878683efcf3b8292703674e03f312aba214e9c99c79a0a;detectada;cadencia.fragmentos colados (≤4 palavras);4;Saio. Corredor.;legitima;SUBSTITUIR POR JUSTIFICATIVA HUMANA ESPECÍFICA
hoover-mcfadden-contraste-03;hoover-mcfadden;holdout;contraste;samples/hoover-mcfadden/contraste-03.md;a0c89d83a9fda529ab878683efcf3b8292703674e03f312aba214e9c99c79a0a;detectada;cadencia.fragmentos colados (≤4 palavras);5;Olhos fechados. A boca entreaberta.;legitima;SUBSTITUIR POR JUSTIFICATIVA HUMANA ESPECÍFICA
hoover-mcfadden-contraste-03;hoover-mcfadden;holdout;contraste;samples/hoover-mcfadden/contraste-03.md;a0c89d83a9fda529ab878683efcf3b8292703674e03f312aba214e9c99c79a0a;detectada;cadencia.fragmentos colados (≤4 palavras);6;Está correndo. Está correndo bem.;legitima;SUBSTITUIR POR JUSTIFICATIVA HUMANA ESPECÍFICA
hoover-mcfadden-contraste-03;hoover-mcfadden;holdout;contraste;samples/hoover-mcfadden/contraste-03.md;a0c89d83a9fda529ab878683efcf3b8292703674e03f312aba214e9c99c79a0a;detectada;cadencia.fragmentos colados (≤4 palavras);7;E é o tabaco. *Chuva.;legitima;SUBSTITUIR POR JUSTIFICATIVA HUMANA ESPECÍFICA
hoover-mcfadden-contraste-03;hoover-mcfadden;holdout;contraste;samples/hoover-mcfadden/contraste-03.md;a0c89d83a9fda529ab878683efcf3b8292703674e03f312aba214e9c99c79a0a;detectada;cadencia.fragmentos colados (≤4 palavras);8;Não é ele. Não pode ser.;legitima;SUBSTITUIR POR JUSTIFICATIVA HUMANA ESPECÍFICA
hoover-mcfadden-contraste-03;hoover-mcfadden;holdout;contraste;samples/hoover-mcfadden/contraste-03.md;a0c89d83a9fda529ab878683efcf3b8292703674e03f312aba214e9c99c79a0a;detectada;cadencia.fragmentos colados (≤4 palavras);9;Ele assente. Recosta na poltrona.;legitima;SUBSTITUIR POR JUSTIFICATIVA HUMANA ESPECÍFICA
hoover-mcfadden-contraste-03;hoover-mcfadden;holdout;contraste;samples/hoover-mcfadden/contraste-03.md;a0c89d83a9fda529ab878683efcf3b8292703674e03f312aba214e9c99c79a0a;detectada;cadencia.fragmentos colados (≤4 palavras);10;Onde. Aferro no protocolo.;legitima;SUBSTITUIR POR JUSTIFICATIVA HUMANA ESPECÍFICA
hoover-mcfadden-contraste-03;hoover-mcfadden;holdout;contraste;samples/hoover-mcfadden/contraste-03.md;a0c89d83a9fda529ab878683efcf3b8292703674e03f312aba214e9c99c79a0a;detectada;cadencia.fragmentos colados (≤4 palavras);11;Oxímetro no indicador. Espero.;legitima;SUBSTITUIR POR JUSTIFICATIVA HUMANA ESPECÍFICA
hoover-mcfadden-contraste-03;hoover-mcfadden;holdout;contraste;samples/hoover-mcfadden/contraste-03.md;a0c89d83a9fda529ab878683efcf3b8292703674e03f312aba214e9c99c79a0a;detectada;cadencia.fragmentos colados (≤4 palavras);12;Espero. Anoto.;legitima;SUBSTITUIR POR JUSTIFICATIVA HUMANA ESPECÍFICA
hoover-mcfadden-contraste-03;hoover-mcfadden;holdout;contraste;samples/hoover-mcfadden/contraste-03.md;a0c89d83a9fda529ab878683efcf3b8292703674e03f312aba214e9c99c79a0a;detectada;cadencia.fragmentos colados (≤4 palavras);13;Anoto. 118 por 78.;legitima;SUBSTITUIR POR JUSTIFICATIVA HUMANA ESPECÍFICA
hoover-mcfadden-contraste-03;hoover-mcfadden;holdout;contraste;samples/hoover-mcfadden/contraste-03.md;a0c89d83a9fda529ab878683efcf3b8292703674e03f312aba214e9c99c79a0a;detectada;cadencia.fragmentos colados (≤4 palavras);14;118 por 78. FC 84.;legitima;SUBSTITUIR POR JUSTIFICATIVA HUMANA ESPECÍFICA
hoover-mcfadden-contraste-03;hoover-mcfadden;holdout;contraste;samples/hoover-mcfadden/contraste-03.md;a0c89d83a9fda529ab878683efcf3b8292703674e03f312aba214e9c99c79a0a;detectada;cadencia.fragmentos colados (≤4 palavras);15;FC 84. Sat 97.;legitima;SUBSTITUIR POR JUSTIFICATIVA HUMANA ESPECÍFICA
hoover-mcfadden-contraste-03;hoover-mcfadden;holdout;contraste;samples/hoover-mcfadden/contraste-03.md;a0c89d83a9fda529ab878683efcf3b8292703674e03f312aba214e9c99c79a0a;detectada;cadencia.fragmentos colados (≤4 palavras);16;Sat 97. Temperatura 36,6.;legitima;SUBSTITUIR POR JUSTIFICATIVA HUMANA ESPECÍFICA
hoover-mcfadden-contraste-03;hoover-mcfadden;holdout;contraste;samples/hoover-mcfadden/contraste-03.md;a0c89d83a9fda529ab878683efcf3b8292703674e03f312aba214e9c99c79a0a;detectada;cadencia.fragmentos colados (≤4 palavras);17;Temperatura 36,6. Lanterna.;legitima;SUBSTITUIR POR JUSTIFICATIVA HUMANA ESPECÍFICA
hoover-mcfadden-contraste-03;hoover-mcfadden;holdout;contraste;samples/hoover-mcfadden/contraste-03.md;a0c89d83a9fda529ab878683efcf3b8292703674e03f312aba214e9c99c79a0a;detectada;cadencia.fragmentos colados (≤4 palavras);18;Ela abre os olhos. Não fixa.;legitima;SUBSTITUIR POR JUSTIFICATIVA HUMANA ESPECÍFICA
hoover-mcfadden-contraste-03;hoover-mcfadden;holdout;contraste;samples/hoover-mcfadden/contraste-03.md;a0c89d83a9fda529ab878683efcf3b8292703674e03f312aba214e9c99c79a0a;detectada;cadencia.fragmentos colados (≤4 palavras);19;Não fixa. Não localiza.;legitima;SUBSTITUIR POR JUSTIFICATIVA HUMANA ESPECÍFICA
hoover-mcfadden-contraste-03;hoover-mcfadden;holdout;contraste;samples/hoover-mcfadden/contraste-03.md;a0c89d83a9fda529ab878683efcf3b8292703674e03f312aba214e9c99c79a0a;detectada;cadencia.fragmentos colados (≤4 palavras);20;Nenhum som. Glasgow 8.;legitima;SUBSTITUIR POR JUSTIFICATIVA HUMANA ESPECÍFICA
hoover-mcfadden-contraste-03;hoover-mcfadden;holdout;contraste;samples/hoover-mcfadden/contraste-03.md;a0c89d83a9fda529ab878683efcf3b8292703674e03f312aba214e9c99c79a0a;detectada;cadencia.fragmentos colados (≤4 palavras);21;Glasgow 8. Igual ao da tarde.;legitima;SUBSTITUIR POR JUSTIFICATIVA HUMANA ESPECÍFICA
hoover-mcfadden-contraste-03;hoover-mcfadden;holdout;contraste;samples/hoover-mcfadden/contraste-03.md;a0c89d83a9fda529ab878683efcf3b8292703674e03f312aba214e9c99c79a0a;detectada;cadencia.fragmentos colados (≤4 palavras);22;Eu paro de escrever. Não sei quanto tempo.;legitima;SUBSTITUIR POR JUSTIFICATIVA HUMANA ESPECÍFICA
hoover-mcfadden-contraste-03;hoover-mcfadden;holdout;contraste;samples/hoover-mcfadden/contraste-03.md;a0c89d83a9fda529ab878683efcf3b8292703674e03f312aba214e9c99c79a0a;detectada;cadencia.fragmentos colados (≤4 palavras);23;Não sei quanto tempo. Um segundo, talvez dois.;legitima;SUBSTITUIR POR JUSTIFICATIVA HUMANA ESPECÍFICA
hoover-mcfadden-contraste-03;hoover-mcfadden;holdout;contraste;samples/hoover-mcfadden/contraste-03.md;a0c89d83a9fda529ab878683efcf3b8292703674e03f312aba214e9c99c79a0a;detectada;cadencia.fragmentos colados (≤4 palavras);24;O bipe do monitor. Quatro segundos.;legitima;SUBSTITUIR POR JUSTIFICATIVA HUMANA ESPECÍFICA
hoover-mcfadden-contraste-03;hoover-mcfadden;holdout;contraste;samples/hoover-mcfadden/contraste-03.md;a0c89d83a9fda529ab878683efcf3b8292703674e03f312aba214e9c99c79a0a;detectada;cadencia.fragmentos colados (≤4 palavras);25;20h12. GCS 8.;legitima;SUBSTITUIR POR JUSTIFICATIVA HUMANA ESPECÍFICA
hoover-mcfadden-contraste-03;hoover-mcfadden;holdout;contraste;samples/hoover-mcfadden/contraste-03.md;a0c89d83a9fda529ab878683efcf3b8292703674e03f312aba214e9c99c79a0a;detectada;cadencia.fragmentos colados (≤4 palavras);26;GCS 8. Pupilas 3mm.;legitima;SUBSTITUIR POR JUSTIFICATIVA HUMANA ESPECÍFICA
hoover-mcfadden-contraste-03;hoover-mcfadden;holdout;contraste;samples/hoover-mcfadden/contraste-03.md;a0c89d83a9fda529ab878683efcf3b8292703674e03f312aba214e9c99c79a0a;detectada;cadencia.fragmentos colados (≤4 palavras);27;Não rolo. Coincidência.;legitima;SUBSTITUIR POR JUSTIFICATIVA HUMANA ESPECÍFICA
hoover-mcfadden-contraste-03;hoover-mcfadden;holdout;contraste;samples/hoover-mcfadden/contraste-03.md;a0c89d83a9fda529ab878683efcf3b8292703674e03f312aba214e9c99c79a0a;atestacao;cadencia.fragmentos colados (≤4 palavras);;;validado;SUBSTITUIR POR ATESTAÇÃO HUMANA DE REVISÃO INTEGRAL DESTE SINAL
hoover-mcfadden-contraste-03;hoover-mcfadden;holdout;contraste;samples/hoover-mcfadden/contraste-03.md;a0c89d83a9fda529ab878683efcf3b8292703674e03f312aba214e9c99c79a0a;atestacao;cadencia.staccato (frases curtas);;;validado;SUBSTITUIR POR ATESTAÇÃO HUMANA DE REVISÃO INTEGRAL DESTE SINAL
hoover-mcfadden-contraste-03;hoover-mcfadden;holdout;contraste;samples/hoover-mcfadden/contraste-03.md;a0c89d83a9fda529ab878683efcf3b8292703674e03f312aba214e9c99c79a0a;detectada;cadencia.clipe de negação curto;1;Não é ele.;legitima;SUBSTITUIR POR JUSTIFICATIVA HUMANA ESPECÍFICA
hoover-mcfadden-contraste-03;hoover-mcfadden;holdout;contraste;samples/hoover-mcfadden/contraste-03.md;a0c89d83a9fda529ab878683efcf3b8292703674e03f312aba214e9c99c79a0a;detectada;cadencia.clipe de negação curto;2;Não pode ser.;legitima;SUBSTITUIR POR JUSTIFICATIVA HUMANA ESPECÍFICA
hoover-mcfadden-contraste-03;hoover-mcfadden;holdout;contraste;samples/hoover-mcfadden/contraste-03.md;a0c89d83a9fda529ab878683efcf3b8292703674e03f312aba214e9c99c79a0a;detectada;cadencia.clipe de negação curto;3;Não fixa.;legitima;SUBSTITUIR POR JUSTIFICATIVA HUMANA ESPECÍFICA
hoover-mcfadden-contraste-03;hoover-mcfadden;holdout;contraste;samples/hoover-mcfadden/contraste-03.md;a0c89d83a9fda529ab878683efcf3b8292703674e03f312aba214e9c99c79a0a;detectada;cadencia.clipe de negação curto;4;Não localiza.;legitima;SUBSTITUIR POR JUSTIFICATIVA HUMANA ESPECÍFICA
hoover-mcfadden-contraste-03;hoover-mcfadden;holdout;contraste;samples/hoover-mcfadden/contraste-03.md;a0c89d83a9fda529ab878683efcf3b8292703674e03f312aba214e9c99c79a0a;detectada;cadencia.clipe de negação curto;5;Não segura, exatamente.;legitima;SUBSTITUIR POR JUSTIFICATIVA HUMANA ESPECÍFICA
hoover-mcfadden-contraste-03;hoover-mcfadden;holdout;contraste;samples/hoover-mcfadden/contraste-03.md;a0c89d83a9fda529ab878683efcf3b8292703674e03f312aba214e9c99c79a0a;detectada;cadencia.clipe de negação curto;6;*Não é ele.*;legitima;SUBSTITUIR POR JUSTIFICATIVA HUMANA ESPECÍFICA
hoover-mcfadden-contraste-03;hoover-mcfadden;holdout;contraste;samples/hoover-mcfadden/contraste-03.md;a0c89d83a9fda529ab878683efcf3b8292703674e03f312aba214e9c99c79a0a;detectada;cadencia.clipe de negação curto;7;Não rolo.;legitima;SUBSTITUIR POR JUSTIFICATIVA HUMANA ESPECÍFICA
hoover-mcfadden-contraste-03;hoover-mcfadden;holdout;contraste;samples/hoover-mcfadden/contraste-03.md;a0c89d83a9fda529ab878683efcf3b8292703674e03f312aba214e9c99c79a0a;detectada;cadencia.clipe de negação curto;8;Não.;legitima;SUBSTITUIR POR JUSTIFICATIVA HUMANA ESPECÍFICA
hoover-mcfadden-contraste-03;hoover-mcfadden;holdout;contraste;samples/hoover-mcfadden/contraste-03.md;a0c89d83a9fda529ab878683efcf3b8292703674e03f312aba214e9c99c79a0a;atestacao;cadencia.clipe de negação curto;;;validado;SUBSTITUIR POR ATESTAÇÃO HUMANA DE REVISÃO INTEGRAL DESTE SINAL
hoover-mcfadden-contraste-03;hoover-mcfadden;holdout;contraste;samples/hoover-mcfadden/contraste-03.md;a0c89d83a9fda529ab878683efcf3b8292703674e03f312aba214e9c99c79a0a;detectada;cadencia.anáfora (frases coladas, mesmo início);1;Onze checagens. / Onze vezes entrar naquele quarto com a lanterna e olhar dentro de alguém que não pode olhar ;legitima;SUBSTITUIR POR JUSTIFICATIVA HUMANA ESPECÍFICA
hoover-mcfadden-contraste-03;hoover-mcfadden;holdout;contraste;samples/hoover-mcfadden/contraste-03.md;a0c89d83a9fda529ab878683efcf3b8292703674e03f312aba214e9c99c79a0a;detectada;cadencia.anáfora (frases coladas, mesmo início);2;Os números são bons. / Os números não pedem nada de mim além de serem lidos e escritos de novo daqui a uma hor;legitima;SUBSTITUIR POR JUSTIFICATIVA HUMANA ESPECÍFICA
hoover-mcfadden-contraste-03;hoover-mcfadden;holdout;contraste;samples/hoover-mcfadden/contraste-03.md;a0c89d83a9fda529ab878683efcf3b8292703674e03f312aba214e9c99c79a0a;detectada;cadencia.anáfora (frases coladas, mesmo início);3;Leio a idade, o tipo sanguíneo, a alergia declarada — nenhuma. / Leio o campo de responsável legal e o nome al;legitima;SUBSTITUIR POR JUSTIFICATIVA HUMANA ESPECÍFICA
hoover-mcfadden-contraste-03;hoover-mcfadden;holdout;contraste;samples/hoover-mcfadden/contraste-03.md;a0c89d83a9fda529ab878683efcf3b8292703674e03f312aba214e9c99c79a0a;detectada;cadencia.anáfora (frases coladas, mesmo início);4;Está correndo. / Está correndo bem.;legitima;SUBSTITUIR POR JUSTIFICATIVA HUMANA ESPECÍFICA
hoover-mcfadden-contraste-03;hoover-mcfadden;holdout;contraste;samples/hoover-mcfadden/contraste-03.md;a0c89d83a9fda529ab878683efcf3b8292703674e03f312aba214e9c99c79a0a;detectada;cadencia.anáfora (frases coladas, mesmo início);5;Não é ele. / Não pode ser.;legitima;SUBSTITUIR POR JUSTIFICATIVA HUMANA ESPECÍFICA
hoover-mcfadden-contraste-03;hoover-mcfadden;holdout;contraste;samples/hoover-mcfadden/contraste-03.md;a0c89d83a9fda529ab878683efcf3b8292703674e03f312aba214e9c99c79a0a;detectada;cadencia.anáfora (frases coladas, mesmo início);6;Não fixa. / Não localiza.;legitima;SUBSTITUIR POR JUSTIFICATIVA HUMANA ESPECÍFICA
hoover-mcfadden-contraste-03;hoover-mcfadden;holdout;contraste;samples/hoover-mcfadden/contraste-03.md;a0c89d83a9fda529ab878683efcf3b8292703674e03f312aba214e9c99c79a0a;detectada;cadencia.anáfora (frases coladas, mesmo início);7;Confiro a fixação da sonda enteral, a marca de centímetro na narina, a mesma da anotação da tarde. / Confiro o;legitima;SUBSTITUIR POR JUSTIFICATIVA HUMANA ESPECÍFICA
hoover-mcfadden-contraste-03;hoover-mcfadden;holdout;contraste;samples/hoover-mcfadden/contraste-03.md;a0c89d83a9fda529ab878683efcf3b8292703674e03f312aba214e9c99c79a0a;detectada;cadencia.anáfora (frases coladas, mesmo início);8;Confiro o débito da bomba. / Confiro o coletor de urina — 400 ml desde as quatro, cor boa.;legitima;SUBSTITUIR POR JUSTIFICATIVA HUMANA ESPECÍFICA
hoover-mcfadden-contraste-03;hoover-mcfadden;holdout;contraste;samples/hoover-mcfadden/contraste-03.md;a0c89d83a9fda529ab878683efcf3b8292703674e03f312aba214e9c99c79a0a;detectada;cadencia.anáfora (frases coladas, mesmo início);9;Isso é o que existe. / Isso é o que é verdade e é registrável e vai estar aqui amanhã quando alguém abrir.;legitima;SUBSTITUIR POR JUSTIFICATIVA HUMANA ESPECÍFICA
hoover-mcfadden-contraste-03;hoover-mcfadden;holdout;contraste;samples/hoover-mcfadden/contraste-03.md;a0c89d83a9fda529ab878683efcf3b8292703674e03f312aba214e9c99c79a0a;atestacao;cadencia.anáfora (frases coladas, mesmo início);;;validado;SUBSTITUIR POR ATESTAÇÃO HUMANA DE REVISÃO INTEGRAL DESTE SINAL
hoover-mcfadden-contraste-03;hoover-mcfadden;holdout;contraste;samples/hoover-mcfadden/contraste-03.md;a0c89d83a9fda529ab878683efcf3b8292703674e03f312aba214e9c99c79a0a;atestacao;cadencia.epigrama antitético;;;validado;SUBSTITUIR POR ATESTAÇÃO HUMANA DE REVISÃO INTEGRAL DESTE SINAL
hoover-mcfadden-contraste-03;hoover-mcfadden;holdout;contraste;samples/hoover-mcfadden/contraste-03.md;a0c89d83a9fda529ab878683efcf3b8292703674e03f312aba214e9c99c79a0a;detectada;cadencia.fragmento de ênfase (Regra 4 ≤1–2);1;Rotina.;legitima;SUBSTITUIR POR JUSTIFICATIVA HUMANA ESPECÍFICA
hoover-mcfadden-contraste-03;hoover-mcfadden;holdout;contraste;samples/hoover-mcfadden/contraste-03.md;a0c89d83a9fda529ab878683efcf3b8292703674e03f312aba214e9c99c79a0a;detectada;cadencia.fragmento de ênfase (Regra 4 ≤1–2);2;Ela para.;legitima;SUBSTITUIR POR JUSTIFICATIVA HUMANA ESPECÍFICA
hoover-mcfadden-contraste-03;hoover-mcfadden;holdout;contraste;samples/hoover-mcfadden/contraste-03.md;a0c89d83a9fda529ab878683efcf3b8292703674e03f312aba214e9c99c79a0a;detectada;cadencia.fragmento de ênfase (Regra 4 ≤1–2);3;Onze checagens.;legitima;SUBSTITUIR POR JUSTIFICATIVA HUMANA ESPECÍFICA
hoover-mcfadden-contraste-03;hoover-mcfadden;holdout;contraste;samples/hoover-mcfadden/contraste-03.md;a0c89d83a9fda529ab878683efcf3b8292703674e03f312aba214e9c99c79a0a;detectada;cadencia.fragmento de ênfase (Regra 4 ≤1–2);4;Leito 17.;legitima;SUBSTITUIR POR JUSTIFICATIVA HUMANA ESPECÍFICA
hoover-mcfadden-contraste-03;hoover-mcfadden;holdout;contraste;samples/hoover-mcfadden/contraste-03.md;a0c89d83a9fda529ab878683efcf3b8292703674e03f312aba214e9c99c79a0a;detectada;cadencia.fragmento de ênfase (Regra 4 ≤1–2);5;Números.;legitima;SUBSTITUIR POR JUSTIFICATIVA HUMANA ESPECÍFICA
hoover-mcfadden-contraste-03;hoover-mcfadden;holdout;contraste;samples/hoover-mcfadden/contraste-03.md;a0c89d83a9fda529ab878683efcf3b8292703674e03f312aba214e9c99c79a0a;detectada;cadencia.fragmento de ênfase (Regra 4 ≤1–2);6;06h.;legitima;SUBSTITUIR POR JUSTIFICATIVA HUMANA ESPECÍFICA
hoover-mcfadden-contraste-03;hoover-mcfadden;holdout;contraste;samples/hoover-mcfadden/contraste-03.md;a0c89d83a9fda529ab878683efcf3b8292703674e03f312aba214e9c99c79a0a;detectada;cadencia.fragmento de ênfase (Regra 4 ≤1–2);7;Saio.;legitima;SUBSTITUIR POR JUSTIFICATIVA HUMANA ESPECÍFICA
hoover-mcfadden-contraste-03;hoover-mcfadden;holdout;contraste;samples/hoover-mcfadden/contraste-03.md;a0c89d83a9fda529ab878683efcf3b8292703674e03f312aba214e9c99c79a0a;detectada;cadencia.fragmento de ênfase (Regra 4 ≤1–2);8;Corredor.;legitima;SUBSTITUIR POR JUSTIFICATIVA HUMANA ESPECÍFICA
hoover-mcfadden-contraste-03;hoover-mcfadden;holdout;contraste;samples/hoover-mcfadden/contraste-03.md;a0c89d83a9fda529ab878683efcf3b8292703674e03f312aba214e9c99c79a0a;detectada;cadencia.fragmento de ênfase (Regra 4 ≤1–2);9;Olhos fechados.;legitima;SUBSTITUIR POR JUSTIFICATIVA HUMANA ESPECÍFICA
hoover-mcfadden-contraste-03;hoover-mcfadden;holdout;contraste;samples/hoover-mcfadden/contraste-03.md;a0c89d83a9fda529ab878683efcf3b8292703674e03f312aba214e9c99c79a0a;detectada;cadencia.fragmento de ênfase (Regra 4 ≤1–2);10;Está correndo.;legitima;SUBSTITUIR POR JUSTIFICATIVA HUMANA ESPECÍFICA
hoover-mcfadden-contraste-03;hoover-mcfadden;holdout;contraste;samples/hoover-mcfadden/contraste-03.md;a0c89d83a9fda529ab878683efcf3b8292703674e03f312aba214e9c99c79a0a;detectada;cadencia.fragmento de ênfase (Regra 4 ≤1–2);11;*Chuva.;legitima;SUBSTITUIR POR JUSTIFICATIVA HUMANA ESPECÍFICA
hoover-mcfadden-contraste-03;hoover-mcfadden;holdout;contraste;samples/hoover-mcfadden/contraste-03.md;a0c89d83a9fda529ab878683efcf3b8292703674e03f312aba214e9c99c79a0a;detectada;cadencia.fragmento de ênfase (Regra 4 ≤1–2);12;Não é ele.;legitima;SUBSTITUIR POR JUSTIFICATIVA HUMANA ESPECÍFICA
hoover-mcfadden-contraste-03;hoover-mcfadden;holdout;contraste;samples/hoover-mcfadden/contraste-03.md;a0c89d83a9fda529ab878683efcf3b8292703674e03f312aba214e9c99c79a0a;detectada;cadencia.fragmento de ênfase (Regra 4 ≤1–2);13;Não pode ser.;legitima;SUBSTITUIR POR JUSTIFICATIVA HUMANA ESPECÍFICA
hoover-mcfadden-contraste-03;hoover-mcfadden;holdout;contraste;samples/hoover-mcfadden/contraste-03.md;a0c89d83a9fda529ab878683efcf3b8292703674e03f312aba214e9c99c79a0a;detectada;cadencia.fragmento de ênfase (Regra 4 ≤1–2);14;Ele assente.;legitima;SUBSTITUIR POR JUSTIFICATIVA HUMANA ESPECÍFICA
hoover-mcfadden-contraste-03;hoover-mcfadden;holdout;contraste;samples/hoover-mcfadden/contraste-03.md;a0c89d83a9fda529ab878683efcf3b8292703674e03f312aba214e9c99c79a0a;detectada;cadencia.fragmento de ênfase (Regra 4 ≤1–2);15;Onde.;legitima;SUBSTITUIR POR JUSTIFICATIVA HUMANA ESPECÍFICA
hoover-mcfadden-contraste-03;hoover-mcfadden;holdout;contraste;samples/hoover-mcfadden/contraste-03.md;a0c89d83a9fda529ab878683efcf3b8292703674e03f312aba214e9c99c79a0a;detectada;cadencia.fragmento de ênfase (Regra 4 ≤1–2);16;Espero.;legitima;SUBSTITUIR POR JUSTIFICATIVA HUMANA ESPECÍFICA
hoover-mcfadden-contraste-03;hoover-mcfadden;holdout;contraste;samples/hoover-mcfadden/contraste-03.md;a0c89d83a9fda529ab878683efcf3b8292703674e03f312aba214e9c99c79a0a;detectada;cadencia.fragmento de ênfase (Regra 4 ≤1–2);17;Anoto.;legitima;SUBSTITUIR POR JUSTIFICATIVA HUMANA ESPECÍFICA
hoover-mcfadden-contraste-03;hoover-mcfadden;holdout;contraste;samples/hoover-mcfadden/contraste-03.md;a0c89d83a9fda529ab878683efcf3b8292703674e03f312aba214e9c99c79a0a;detectada;cadencia.fragmento de ênfase (Regra 4 ≤1–2);18;FC 84.;legitima;SUBSTITUIR POR JUSTIFICATIVA HUMANA ESPECÍFICA
hoover-mcfadden-contraste-03;hoover-mcfadden;holdout;contraste;samples/hoover-mcfadden/contraste-03.md;a0c89d83a9fda529ab878683efcf3b8292703674e03f312aba214e9c99c79a0a;detectada;cadencia.fragmento de ênfase (Regra 4 ≤1–2);19;Sat 97.;legitima;SUBSTITUIR POR JUSTIFICATIVA HUMANA ESPECÍFICA
hoover-mcfadden-contraste-03;hoover-mcfadden;holdout;contraste;samples/hoover-mcfadden/contraste-03.md;a0c89d83a9fda529ab878683efcf3b8292703674e03f312aba214e9c99c79a0a;detectada;cadencia.fragmento de ênfase (Regra 4 ≤1–2);20;Lanterna.;legitima;SUBSTITUIR POR JUSTIFICATIVA HUMANA ESPECÍFICA
hoover-mcfadden-contraste-03;hoover-mcfadden;holdout;contraste;samples/hoover-mcfadden/contraste-03.md;a0c89d83a9fda529ab878683efcf3b8292703674e03f312aba214e9c99c79a0a;detectada;cadencia.fragmento de ênfase (Regra 4 ≤1–2);21;Ele aceita.;legitima;SUBSTITUIR POR JUSTIFICATIVA HUMANA ESPECÍFICA
hoover-mcfadden-contraste-03;hoover-mcfadden;holdout;contraste;samples/hoover-mcfadden/contraste-03.md;a0c89d83a9fda529ab878683efcf3b8292703674e03f312aba214e9c99c79a0a;detectada;cadencia.fragmento de ênfase (Regra 4 ≤1–2);22;Não fixa.;legitima;SUBSTITUIR POR JUSTIFICATIVA HUMANA ESPECÍFICA
hoover-mcfadden-contraste-03;hoover-mcfadden;holdout;contraste;samples/hoover-mcfadden/contraste-03.md;a0c89d83a9fda529ab878683efcf3b8292703674e03f312aba214e9c99c79a0a;detectada;cadencia.fragmento de ênfase (Regra 4 ≤1–2);23;Não localiza.;legitima;SUBSTITUIR POR JUSTIFICATIVA HUMANA ESPECÍFICA
hoover-mcfadden-contraste-03;hoover-mcfadden;holdout;contraste;samples/hoover-mcfadden/contraste-03.md;a0c89d83a9fda529ab878683efcf3b8292703674e03f312aba214e9c99c79a0a;detectada;cadencia.fragmento de ênfase (Regra 4 ≤1–2);24;Nenhum som.;legitima;SUBSTITUIR POR JUSTIFICATIVA HUMANA ESPECÍFICA
hoover-mcfadden-contraste-03;hoover-mcfadden;holdout;contraste;samples/hoover-mcfadden/contraste-03.md;a0c89d83a9fda529ab878683efcf3b8292703674e03f312aba214e9c99c79a0a;detectada;cadencia.fragmento de ênfase (Regra 4 ≤1–2);25;Glasgow 8.;legitima;SUBSTITUIR POR JUSTIFICATIVA HUMANA ESPECÍFICA
hoover-mcfadden-contraste-03;hoover-mcfadden;holdout;contraste;samples/hoover-mcfadden/contraste-03.md;a0c89d83a9fda529ab878683efcf3b8292703674e03f312aba214e9c99c79a0a;detectada;cadencia.fragmento de ênfase (Regra 4 ≤1–2);26;Não segura, exatamente.;legitima;SUBSTITUIR POR JUSTIFICATIVA HUMANA ESPECÍFICA
hoover-mcfadden-contraste-03;hoover-mcfadden;holdout;contraste;samples/hoover-mcfadden/contraste-03.md;a0c89d83a9fda529ab878683efcf3b8292703674e03f312aba214e9c99c79a0a;detectada;cadencia.fragmento de ênfase (Regra 4 ≤1–2);27;*Não é ele.*;legitima;SUBSTITUIR POR JUSTIFICATIVA HUMANA ESPECÍFICA
hoover-mcfadden-contraste-03;hoover-mcfadden;holdout;contraste;samples/hoover-mcfadden/contraste-03.md;a0c89d83a9fda529ab878683efcf3b8292703674e03f312aba214e9c99c79a0a;detectada;cadencia.fragmento de ênfase (Regra 4 ≤1–2);28;Quatro segundos.;legitima;SUBSTITUIR POR JUSTIFICATIVA HUMANA ESPECÍFICA
hoover-mcfadden-contraste-03;hoover-mcfadden;holdout;contraste;samples/hoover-mcfadden/contraste-03.md;a0c89d83a9fda529ab878683efcf3b8292703674e03f312aba214e9c99c79a0a;detectada;cadencia.fragmento de ênfase (Regra 4 ≤1–2);29;20h12.;legitima;SUBSTITUIR POR JUSTIFICATIVA HUMANA ESPECÍFICA
hoover-mcfadden-contraste-03;hoover-mcfadden;holdout;contraste;samples/hoover-mcfadden/contraste-03.md;a0c89d83a9fda529ab878683efcf3b8292703674e03f312aba214e9c99c79a0a;detectada;cadencia.fragmento de ênfase (Regra 4 ≤1–2);30;GCS 8.;legitima;SUBSTITUIR POR JUSTIFICATIVA HUMANA ESPECÍFICA
hoover-mcfadden-contraste-03;hoover-mcfadden;holdout;contraste;samples/hoover-mcfadden/contraste-03.md;a0c89d83a9fda529ab878683efcf3b8292703674e03f312aba214e9c99c79a0a;detectada;cadencia.fragmento de ênfase (Regra 4 ≤1–2);31;Pupilas 3mm.;legitima;SUBSTITUIR POR JUSTIFICATIVA HUMANA ESPECÍFICA
hoover-mcfadden-contraste-03;hoover-mcfadden;holdout;contraste;samples/hoover-mcfadden/contraste-03.md;a0c89d83a9fda529ab878683efcf3b8292703674e03f312aba214e9c99c79a0a;detectada;cadencia.fragmento de ênfase (Regra 4 ≤1–2);32;Não rolo.;legitima;SUBSTITUIR POR JUSTIFICATIVA HUMANA ESPECÍFICA
hoover-mcfadden-contraste-03;hoover-mcfadden;holdout;contraste;samples/hoover-mcfadden/contraste-03.md;a0c89d83a9fda529ab878683efcf3b8292703674e03f312aba214e9c99c79a0a;detectada;cadencia.fragmento de ênfase (Regra 4 ≤1–2);33;Coincidência.;legitima;SUBSTITUIR POR JUSTIFICATIVA HUMANA ESPECÍFICA
hoover-mcfadden-contraste-03;hoover-mcfadden;holdout;contraste;samples/hoover-mcfadden/contraste-03.md;a0c89d83a9fda529ab878683efcf3b8292703674e03f312aba214e9c99c79a0a;detectada;cadencia.fragmento de ênfase (Regra 4 ≤1–2);34;Foi isso.;legitima;SUBSTITUIR POR JUSTIFICATIVA HUMANA ESPECÍFICA
hoover-mcfadden-contraste-03;hoover-mcfadden;holdout;contraste;samples/hoover-mcfadden/contraste-03.md;a0c89d83a9fda529ab878683efcf3b8292703674e03f312aba214e9c99c79a0a;detectada;cadencia.fragmento de ênfase (Regra 4 ≤1–2);35;Não.;legitima;SUBSTITUIR POR JUSTIFICATIVA HUMANA ESPECÍFICA
hoover-mcfadden-contraste-03;hoover-mcfadden;holdout;contraste;samples/hoover-mcfadden/contraste-03.md;a0c89d83a9fda529ab878683efcf3b8292703674e03f312aba214e9c99c79a0a;atestacao;cadencia.fragmento de ênfase (Regra 4 ≤1–2);;;validado;SUBSTITUIR POR ATESTAÇÃO HUMANA DE REVISÃO INTEGRAL DESTE SINAL
hoover-mcfadden-contraste-03;hoover-mcfadden;holdout;contraste;samples/hoover-mcfadden/contraste-03.md;a0c89d83a9fda529ab878683efcf3b8292703674e03f312aba214e9c99c79a0a;atestacao;cadencia.fragmentos de ênfase COLADOS (Regra 4: nunca dois);;;validado;SUBSTITUIR POR ATESTAÇÃO HUMANA DE REVISÃO INTEGRAL DESTE SINAL
hoover-mcfadden-contraste-03;hoover-mcfadden;holdout;contraste;samples/hoover-mcfadden/contraste-03.md;a0c89d83a9fda529ab878683efcf3b8292703674e03f312aba214e9c99c79a0a;detectada;cadencia.pensamento em itálico (Regra 4 ≤2–3);1;NEURO 06h — pupilas 1/1h.;legitima;SUBSTITUIR POR JUSTIFICATIVA HUMANA ESPECÍFICA
hoover-mcfadden-contraste-03;hoover-mcfadden;holdout;contraste;samples/hoover-mcfadden/contraste-03.md;a0c89d83a9fda529ab878683efcf3b8292703674e03f312aba214e9c99c79a0a;detectada;cadencia.pensamento em itálico (Regra 4 ≤2–3);2;pertences leito 17.;legitima;SUBSTITUIR POR JUSTIFICATIVA HUMANA ESPECÍFICA
hoover-mcfadden-contraste-03;hoover-mcfadden;holdout;contraste;samples/hoover-mcfadden/contraste-03.md;a0c89d83a9fda529ab878683efcf3b8292703674e03f312aba214e9c99c79a0a;detectada;cadencia.pensamento em itálico (Regra 4 ≤2–3);3;que bom, isso ajuda, traga coisas dela para o quarto, som familiar faz bem;legitima;SUBSTITUIR POR JUSTIFICATIVA HUMANA ESPECÍFICA
hoover-mcfadden-contraste-03;hoover-mcfadden;holdout;contraste;samples/hoover-mcfadden/contraste-03.md;a0c89d83a9fda529ab878683efcf3b8292703674e03f312aba214e9c99c79a0a;detectada;cadencia.pensamento em itálico (Regra 4 ≤2–3);4;eu não abri;legitima;SUBSTITUIR POR JUSTIFICATIVA HUMANA ESPECÍFICA
hoover-mcfadden-contraste-03;hoover-mcfadden;holdout;contraste;samples/hoover-mcfadden/contraste-03.md;a0c89d83a9fda529ab878683efcf3b8292703674e03f312aba214e9c99c79a0a;detectada;cadencia.pensamento em itálico (Regra 4 ≤2–3);5;Não é ele.;legitima;SUBSTITUIR POR JUSTIFICATIVA HUMANA ESPECÍFICA
hoover-mcfadden-contraste-03;hoover-mcfadden;holdout;contraste;samples/hoover-mcfadden/contraste-03.md;a0c89d83a9fda529ab878683efcf3b8292703674e03f312aba214e9c99c79a0a;detectada;cadencia.pensamento em itálico (Regra 4 ≤2–3);6;22h — enoxa + decúbito;legitima;SUBSTITUIR POR JUSTIFICATIVA HUMANA ESPECÍFICA
hoover-mcfadden-contraste-03;hoover-mcfadden;holdout;contraste;samples/hoover-mcfadden/contraste-03.md;a0c89d83a9fda529ab878683efcf3b8292703674e03f312aba214e9c99c79a0a;atestacao;cadencia.pensamento em itálico (Regra 4 ≤2–3);;;validado;SUBSTITUIR POR ATESTAÇÃO HUMANA DE REVISÃO INTEGRAL DESTE SINAL
hoover-mcfadden-contraste-03;hoover-mcfadden;holdout;contraste;samples/hoover-mcfadden/contraste-03.md;a0c89d83a9fda529ab878683efcf3b8292703674e03f312aba214e9c99c79a0a;atestacao;cadencia.pergunta retórica (Regra 4 ≤1–2);;;validado;SUBSTITUIR POR ATESTAÇÃO HUMANA DE REVISÃO INTEGRAL DESTE SINAL
romantasy-aprovado-01;romantasy;calibracao;aprovada;samples/romantasy/aprovado-01.md;5b4312775809a219ebbf47f7f02fdbca3f3e98d658b321189c374cc38482d239;detectada;gnomico;1;porque não era desprezo;legitima;SUBSTITUIR POR JUSTIFICATIVA HUMANA ESPECÍFICA
romantasy-aprovado-01;romantasy;calibracao;aprovada;samples/romantasy/aprovado-01.md;5b4312775809a219ebbf47f7f02fdbca3f3e98d658b321189c374cc38482d239;atestacao;gnomico;;;validado;SUBSTITUIR POR ATESTAÇÃO HUMANA DE REVISÃO INTEGRAL DESTE SINAL
romantasy-aprovado-01;romantasy;calibracao;aprovada;samples/romantasy/aprovado-01.md;5b4312775809a219ebbf47f7f02fdbca3f3e98d658b321189c374cc38482d239;atestacao;personificacao;;;validado;SUBSTITUIR POR ATESTAÇÃO HUMANA DE REVISÃO INTEGRAL DESTE SINAL
romantasy-aprovado-01;romantasy;calibracao;aprovada;samples/romantasy/aprovado-01.md;5b4312775809a219ebbf47f7f02fdbca3f3e98d658b321189c374cc38482d239;detectada;sanfona;1;Ele estava parado na boca do beco, e a luz do lampião do mercado batia nas costas dele, então por um instante ;legitima;SUBSTITUIR POR JUSTIFICATIVA HUMANA ESPECÍFICA
romantasy-aprovado-01;romantasy;calibracao;aprovada;samples/romantasy/aprovado-01.md;5b4312775809a219ebbf47f7f02fdbca3f3e98d658b321189c374cc38482d239;detectada;sanfona;2;Isaura ficou sozinha no beco com o estilete tremendo na mão e o vazio novo aberto no peito, aquele buraco de l;legitima;SUBSTITUIR POR JUSTIFICATIVA HUMANA ESPECÍFICA
romantasy-aprovado-01;romantasy;calibracao;aprovada;samples/romantasy/aprovado-01.md;5b4312775809a219ebbf47f7f02fdbca3f3e98d658b321189c374cc38482d239;atestacao;sanfona;;;validado;SUBSTITUIR POR ATESTAÇÃO HUMANA DE REVISÃO INTEGRAL DESTE SINAL
romantasy-aprovado-01;romantasy;calibracao;aprovada;samples/romantasy/aprovado-01.md;5b4312775809a219ebbf47f7f02fdbca3f3e98d658b321189c374cc38482d239;detectada;metafora_elaborada;1;como uma segunda garganta, faminta, e mandou tudo para cima, para a janela, para;legitima;SUBSTITUIR POR JUSTIFICATIVA HUMANA ESPECÍFICA
romantasy-aprovado-01;romantasy;calibracao;aprovada;samples/romantasy/aprovado-01.md;5b4312775809a219ebbf47f7f02fdbca3f3e98d658b321189c374cc38482d239;detectada;metafora_elaborada;2;como um cão que ouve o dono, e o momento — fosse o que fosse — passou. — Amanhã;legitima;SUBSTITUIR POR JUSTIFICATIVA HUMANA ESPECÍFICA
romantasy-aprovado-01;romantasy;calibracao;aprovada;samples/romantasy/aprovado-01.md;5b4312775809a219ebbf47f7f02fdbca3f3e98d658b321189c374cc38482d239;detectada;metafora_elaborada;3;como se a cinza tivesse decidido que aquela era a lembrança do dia. Ela nem tin;legitima;SUBSTITUIR POR JUSTIFICATIVA HUMANA ESPECÍFICA
romantasy-aprovado-01;romantasy;calibracao;aprovada;samples/romantasy/aprovado-01.md;5b4312775809a219ebbf47f7f02fdbca3f3e98d658b321189c374cc38482d239;atestacao;metafora_elaborada;;;validado;SUBSTITUIR POR ATESTAÇÃO HUMANA DE REVISÃO INTEGRAL DESTE SINAL
romantasy-aprovado-01;romantasy;calibracao;aprovada;samples/romantasy/aprovado-01.md;5b4312775809a219ebbf47f7f02fdbca3f3e98d658b321189c374cc38482d239;detectada;cadencia.fragmentos colados (≤4 palavras);1;Velha. Fraca.;legitima;SUBSTITUIR POR JUSTIFICATIVA HUMANA ESPECÍFICA
romantasy-aprovado-01;romantasy;calibracao;aprovada;samples/romantasy/aprovado-01.md;5b4312775809a219ebbf47f7f02fdbca3f3e98d658b321189c374cc38482d239;detectada;cadencia.fragmentos colados (≤4 palavras);2;Mentira, e ela sabia. Curar custava fundo.;legitima;SUBSTITUIR POR JUSTIFICATIVA HUMANA ESPECÍFICA
romantasy-aprovado-01;romantasy;calibracao;aprovada;samples/romantasy/aprovado-01.md;5b4312775809a219ebbf47f7f02fdbca3f3e98d658b321189c374cc38482d239;atestacao;cadencia.fragmentos colados (≤4 palavras);;;validado;SUBSTITUIR POR ATESTAÇÃO HUMANA DE REVISÃO INTEGRAL DESTE SINAL
romantasy-aprovado-01;romantasy;calibracao;aprovada;samples/romantasy/aprovado-01.md;5b4312775809a219ebbf47f7f02fdbca3f3e98d658b321189c374cc38482d239;atestacao;cadencia.staccato (frases curtas);;;validado;SUBSTITUIR POR ATESTAÇÃO HUMANA DE REVISÃO INTEGRAL DESTE SINAL
romantasy-aprovado-01;romantasy;calibracao;aprovada;samples/romantasy/aprovado-01.md;5b4312775809a219ebbf47f7f02fdbca3f3e98d658b321189c374cc38482d239;atestacao;cadencia.clipe de negação curto;;;validado;SUBSTITUIR POR ATESTAÇÃO HUMANA DE REVISÃO INTEGRAL DESTE SINAL
romantasy-aprovado-01;romantasy;calibracao;aprovada;samples/romantasy/aprovado-01.md;5b4312775809a219ebbf47f7f02fdbca3f3e98d658b321189c374cc38482d239;atestacao;cadencia.anáfora (frases coladas, mesmo início);;;validado;SUBSTITUIR POR ATESTAÇÃO HUMANA DE REVISÃO INTEGRAL DESTE SINAL
romantasy-aprovado-01;romantasy;calibracao;aprovada;samples/romantasy/aprovado-01.md;5b4312775809a219ebbf47f7f02fdbca3f3e98d658b321189c374cc38482d239;atestacao;cadencia.epigrama antitético;;;validado;SUBSTITUIR POR ATESTAÇÃO HUMANA DE REVISÃO INTEGRAL DESTE SINAL
romantasy-aprovado-01;romantasy;calibracao;aprovada;samples/romantasy/aprovado-01.md;5b4312775809a219ebbf47f7f02fdbca3f3e98d658b321189c374cc38482d239;detectada;cadencia.fragmento de ênfase (Regra 4 ≤1–2);1;Velha.;legitima;SUBSTITUIR POR JUSTIFICATIVA HUMANA ESPECÍFICA
romantasy-aprovado-01;romantasy;calibracao;aprovada;samples/romantasy/aprovado-01.md;5b4312775809a219ebbf47f7f02fdbca3f3e98d658b321189c374cc38482d239;detectada;cadencia.fragmento de ênfase (Regra 4 ≤1–2);2;Fraca.;legitima;SUBSTITUIR POR JUSTIFICATIVA HUMANA ESPECÍFICA
romantasy-aprovado-01;romantasy;calibracao;aprovada;samples/romantasy/aprovado-01.md;5b4312775809a219ebbf47f7f02fdbca3f3e98d658b321189c374cc38482d239;detectada;cadencia.fragmento de ênfase (Regra 4 ≤1–2);3;Sumira.;legitima;SUBSTITUIR POR JUSTIFICATIVA HUMANA ESPECÍFICA
romantasy-aprovado-01;romantasy;calibracao;aprovada;samples/romantasy/aprovado-01.md;5b4312775809a219ebbf47f7f02fdbca3f3e98d658b321189c374cc38482d239;detectada;cadencia.fragmento de ênfase (Regra 4 ≤1–2);4;Valeu.;legitima;SUBSTITUIR POR JUSTIFICATIVA HUMANA ESPECÍFICA
romantasy-aprovado-01;romantasy;calibracao;aprovada;samples/romantasy/aprovado-01.md;5b4312775809a219ebbf47f7f02fdbca3f3e98d658b321189c374cc38482d239;detectada;cadencia.fragmento de ênfase (Regra 4 ≤1–2);5;Era interesse.;legitima;SUBSTITUIR POR JUSTIFICATIVA HUMANA ESPECÍFICA
romantasy-aprovado-01;romantasy;calibracao;aprovada;samples/romantasy/aprovado-01.md;5b4312775809a219ebbf47f7f02fdbca3f3e98d658b321189c374cc38482d239;atestacao;cadencia.fragmento de ênfase (Regra 4 ≤1–2);;;validado;SUBSTITUIR POR ATESTAÇÃO HUMANA DE REVISÃO INTEGRAL DESTE SINAL
romantasy-aprovado-01;romantasy;calibracao;aprovada;samples/romantasy/aprovado-01.md;5b4312775809a219ebbf47f7f02fdbca3f3e98d658b321189c374cc38482d239;atestacao;cadencia.fragmentos de ênfase COLADOS (Regra 4: nunca dois);;;validado;SUBSTITUIR POR ATESTAÇÃO HUMANA DE REVISÃO INTEGRAL DESTE SINAL
romantasy-aprovado-01;romantasy;calibracao;aprovada;samples/romantasy/aprovado-01.md;5b4312775809a219ebbf47f7f02fdbca3f3e98d658b321189c374cc38482d239;detectada;cadencia.pensamento em itálico (Regra 4 ≤2–3);1;O que foi dessa vez.;legitima;SUBSTITUIR POR JUSTIFICATIVA HUMANA ESPECÍFICA
romantasy-aprovado-01;romantasy;calibracao;aprovada;samples/romantasy/aprovado-01.md;5b4312775809a219ebbf47f7f02fdbca3f3e98d658b321189c374cc38482d239;detectada;cadencia.pensamento em itálico (Regra 4 ≤2–3);2;o menino é o retrato da Maren.;legitima;SUBSTITUIR POR JUSTIFICATIVA HUMANA ESPECÍFICA
romantasy-aprovado-01;romantasy;calibracao;aprovada;samples/romantasy/aprovado-01.md;5b4312775809a219ebbf47f7f02fdbca3f3e98d658b321189c374cc38482d239;atestacao;cadencia.pensamento em itálico (Regra 4 ≤2–3);;;validado;SUBSTITUIR POR ATESTAÇÃO HUMANA DE REVISÃO INTEGRAL DESTE SINAL
romantasy-aprovado-01;romantasy;calibracao;aprovada;samples/romantasy/aprovado-01.md;5b4312775809a219ebbf47f7f02fdbca3f3e98d658b321189c374cc38482d239;detectada;cadencia.pergunta retórica (Regra 4 ≤1–2);1;*O que foi dessa vez.* A voz de Teo rindo?;legitima;SUBSTITUIR POR JUSTIFICATIVA HUMANA ESPECÍFICA
romantasy-aprovado-01;romantasy;calibracao;aprovada;samples/romantasy/aprovado-01.md;5b4312775809a219ebbf47f7f02fdbca3f3e98d658b321189c374cc38482d239;detectada;cadencia.pergunta retórica (Regra 4 ≤1–2);2;O gosto de alguma coisa?;legitima;SUBSTITUIR POR JUSTIFICATIVA HUMANA ESPECÍFICA
romantasy-aprovado-01;romantasy;calibracao;aprovada;samples/romantasy/aprovado-01.md;5b4312775809a219ebbf47f7f02fdbca3f3e98d658b321189c374cc38482d239;atestacao;cadencia.pergunta retórica (Regra 4 ≤1–2);;;validado;SUBSTITUIR POR ATESTAÇÃO HUMANA DE REVISÃO INTEGRAL DESTE SINAL
romantasy-aprovado-02;romantasy;calibracao;aprovada;samples/romantasy/aprovado-02.md;1435b5c3935026dc7fb621db9350536956dc12ebff4a02444fab3b87d9f68347;detectada;gnomico;1;eles conhecem os velhos campos que nós queimamos.;legitima;SUBSTITUIR POR JUSTIFICATIVA HUMANA ESPECÍFICA
romantasy-aprovado-02;romantasy;calibracao;aprovada;samples/romantasy/aprovado-02.md;1435b5c3935026dc7fb621db9350536956dc12ebff4a02444fab3b87d9f68347;detectada;gnomico;2;não se afeiçoe ao instrumento.;legitima;SUBSTITUIR POR JUSTIFICATIVA HUMANA ESPECÍFICA
romantasy-aprovado-02;romantasy;calibracao;aprovada;samples/romantasy/aprovado-02.md;1435b5c3935026dc7fb621db9350536956dc12ebff4a02444fab3b87d9f68347;detectada;gnomico;3;porque quando eu te vi curá-lo ontem, você já não lembrava mais quem estava salvando;legitima;SUBSTITUIR POR JUSTIFICATIVA HUMANA ESPECÍFICA
romantasy-aprovado-02;romantasy;calibracao;aprovada;samples/romantasy/aprovado-02.md;1435b5c3935026dc7fb621db9350536956dc12ebff4a02444fab3b87d9f68347;atestacao;gnomico;;;validado;SUBSTITUIR POR ATESTAÇÃO HUMANA DE REVISÃO INTEGRAL DESTE SINAL
romantasy-aprovado-02;romantasy;calibracao;aprovada;samples/romantasy/aprovado-02.md;1435b5c3935026dc7fb621db9350536956dc12ebff4a02444fab3b87d9f68347;detectada;personificacao;1;Quando ele atravessou o pátio de mármore rachado, os criados já varriam a fuligem que assentava toda;legitima;SUBSTITUIR POR JUSTIFICATIVA HUMANA ESPECÍFICA
romantasy-aprovado-02;romantasy;calibracao;aprovada;samples/romantasy/aprovado-02.md;1435b5c3935026dc7fb621db9350536956dc12ebff4a02444fab3b87d9f68347;atestacao;personificacao;;;validado;SUBSTITUIR POR ATESTAÇÃO HUMANA DE REVISÃO INTEGRAL DESTE SINAL
romantasy-aprovado-02;romantasy;calibracao;aprovada;samples/romantasy/aprovado-02.md;1435b5c3935026dc7fb621db9350536956dc12ebff4a02444fab3b87d9f68347;detectada;sanfona;1;Está tudo morrendo, e eles varrem a prova das escadas.* O Alto Inquisidor Vael o esperava na Sala dos Selos, d;legitima;SUBSTITUIR POR JUSTIFICATIVA HUMANA ESPECÍFICA
romantasy-aprovado-02;romantasy;calibracao;aprovada;samples/romantasy/aprovado-02.md;1435b5c3935026dc7fb621db9350536956dc12ebff4a02444fab3b87d9f68347;detectada;sanfona;2;E há uma velha história de que a cinza-flor não era a única — de que houve uma flor antes dela, mais forte, qu;legitima;SUBSTITUIR POR JUSTIFICATIVA HUMANA ESPECÍFICA
romantasy-aprovado-02;romantasy;calibracao;aprovada;samples/romantasy/aprovado-02.md;1435b5c3935026dc7fb621db9350536956dc12ebff4a02444fab3b87d9f68347;detectada;sanfona;3;Ela estava no telhado da peixaria, as pernas penduradas na borda, comendo uma laranja como se o mundo não esti;legitima;SUBSTITUIR POR JUSTIFICATIVA HUMANA ESPECÍFICA
romantasy-aprovado-02;romantasy;calibracao;aprovada;samples/romantasy/aprovado-02.md;1435b5c3935026dc7fb621db9350536956dc12ebff4a02444fab3b87d9f68347;detectada;sanfona;4;Antes que ele respondesse, o sino da Corte tocou — não as três badaladas do dia, mas o toque longo e único que;legitima;SUBSTITUIR POR JUSTIFICATIVA HUMANA ESPECÍFICA
romantasy-aprovado-02;romantasy;calibracao;aprovada;samples/romantasy/aprovado-02.md;1435b5c3935026dc7fb621db9350536956dc12ebff4a02444fab3b87d9f68347;atestacao;sanfona;;;validado;SUBSTITUIR POR ATESTAÇÃO HUMANA DE REVISÃO INTEGRAL DESTE SINAL
romantasy-aprovado-02;romantasy;calibracao;aprovada;samples/romantasy/aprovado-02.md;1435b5c3935026dc7fb621db9350536956dc12ebff4a02444fab3b87d9f68347;detectada;metafora_elaborada;1;como se pudesse ver dali a mulher que Corvel não tinha prendido. — Dizem que vo;legitima;SUBSTITUIR POR JUSTIFICATIVA HUMANA ESPECÍFICA
romantasy-aprovado-02;romantasy;calibracao;aprovada;samples/romantasy/aprovado-02.md;1435b5c3935026dc7fb621db9350536956dc12ebff4a02444fab3b87d9f68347;detectada;metafora_elaborada;2;como se fosse. Ficou em posição, as mãos atrás das costas, e esperou a lâmina ca;legitima;SUBSTITUIR POR JUSTIFICATIVA HUMANA ESPECÍFICA
romantasy-aprovado-02;romantasy;calibracao;aprovada;samples/romantasy/aprovado-02.md;1435b5c3935026dc7fb621db9350536956dc12ebff4a02444fab3b87d9f68347;detectada;metafora_elaborada;3;como se o mundo não estivesse acabando de fuligem — e quando o viu subir pela es;legitima;SUBSTITUIR POR JUSTIFICATIVA HUMANA ESPECÍFICA
romantasy-aprovado-02;romantasy;calibracao;aprovada;samples/romantasy/aprovado-02.md;1435b5c3935026dc7fb621db9350536956dc12ebff4a02444fab3b87d9f68347;detectada;metafora_elaborada;4;como se ela fosse a última coisa quente numa cidade de cinzas. Antes que ele re;legitima;SUBSTITUIR POR JUSTIFICATIVA HUMANA ESPECÍFICA
romantasy-aprovado-02;romantasy;calibracao;aprovada;samples/romantasy/aprovado-02.md;1435b5c3935026dc7fb621db9350536956dc12ebff4a02444fab3b87d9f68347;atestacao;metafora_elaborada;;;validado;SUBSTITUIR POR ATESTAÇÃO HUMANA DE REVISÃO INTEGRAL DESTE SINAL
romantasy-aprovado-02;romantasy;calibracao;aprovada;samples/romantasy/aprovado-02.md;1435b5c3935026dc7fb621db9350536956dc12ebff4a02444fab3b87d9f68347;detectada;cadencia.fragmentos colados (≤4 palavras);1;A Maré de Cinzas. Catorze dias mais cedo.;legitima;SUBSTITUIR POR JUSTIFICATIVA HUMANA ESPECÍFICA
romantasy-aprovado-02;romantasy;calibracao;aprovada;samples/romantasy/aprovado-02.md;1435b5c3935026dc7fb621db9350536956dc12ebff4a02444fab3b87d9f68347;atestacao;cadencia.fragmentos colados (≤4 palavras);;;validado;SUBSTITUIR POR ATESTAÇÃO HUMANA DE REVISÃO INTEGRAL DESTE SINAL
romantasy-aprovado-02;romantasy;calibracao;aprovada;samples/romantasy/aprovado-02.md;1435b5c3935026dc7fb621db9350536956dc12ebff4a02444fab3b87d9f68347;atestacao;cadencia.staccato (frases curtas);;;validado;SUBSTITUIR POR ATESTAÇÃO HUMANA DE REVISÃO INTEGRAL DESTE SINAL
romantasy-aprovado-02;romantasy;calibracao;aprovada;samples/romantasy/aprovado-02.md;1435b5c3935026dc7fb621db9350536956dc12ebff4a02444fab3b87d9f68347;detectada;cadencia.clipe de negação curto;1;Não precisou.;legitima;SUBSTITUIR POR JUSTIFICATIVA HUMANA ESPECÍFICA
romantasy-aprovado-02;romantasy;calibracao;aprovada;samples/romantasy/aprovado-02.md;1435b5c3935026dc7fb621db9350536956dc12ebff4a02444fab3b87d9f68347;atestacao;cadencia.clipe de negação curto;;;validado;SUBSTITUIR POR ATESTAÇÃO HUMANA DE REVISÃO INTEGRAL DESTE SINAL
romantasy-aprovado-02;romantasy;calibracao;aprovada;samples/romantasy/aprovado-02.md;1435b5c3935026dc7fb621db9350536956dc12ebff4a02444fab3b87d9f68347;detectada;cadencia.anáfora (frases coladas, mesmo início);1;*Está morrendo. / Está tudo morrendo, e eles varrem a prova das escadas.*;legitima;SUBSTITUIR POR JUSTIFICATIVA HUMANA ESPECÍFICA
romantasy-aprovado-02;romantasy;calibracao;aprovada;samples/romantasy/aprovado-02.md;1435b5c3935026dc7fb621db9350536956dc12ebff4a02444fab3b87d9f68347;detectada;cadencia.anáfora (frases coladas, mesmo início);2;Não contou a última linha de Vael. / Não precisou.;legitima;SUBSTITUIR POR JUSTIFICATIVA HUMANA ESPECÍFICA
romantasy-aprovado-02;romantasy;calibracao;aprovada;samples/romantasy/aprovado-02.md;1435b5c3935026dc7fb621db9350536956dc12ebff4a02444fab3b87d9f68347;atestacao;cadencia.anáfora (frases coladas, mesmo início);;;validado;SUBSTITUIR POR ATESTAÇÃO HUMANA DE REVISÃO INTEGRAL DESTE SINAL
romantasy-aprovado-02;romantasy;calibracao;aprovada;samples/romantasy/aprovado-02.md;1435b5c3935026dc7fb621db9350536956dc12ebff4a02444fab3b87d9f68347;atestacao;cadencia.epigrama antitético;;;validado;SUBSTITUIR POR ATESTAÇÃO HUMANA DE REVISÃO INTEGRAL DESTE SINAL
romantasy-aprovado-02;romantasy;calibracao;aprovada;samples/romantasy/aprovado-02.md;1435b5c3935026dc7fb621db9350536956dc12ebff4a02444fab3b87d9f68347;detectada;cadencia.fragmento de ênfase (Regra 4 ≤1–2);1;*Está morrendo.;legitima;SUBSTITUIR POR JUSTIFICATIVA HUMANA ESPECÍFICA
romantasy-aprovado-02;romantasy;calibracao;aprovada;samples/romantasy/aprovado-02.md;1435b5c3935026dc7fb621db9350536956dc12ebff4a02444fab3b87d9f68347;detectada;cadencia.fragmento de ênfase (Regra 4 ≤1–2);2;Meia-verdade.;legitima;SUBSTITUIR POR JUSTIFICATIVA HUMANA ESPECÍFICA
romantasy-aprovado-02;romantasy;calibracao;aprovada;samples/romantasy/aprovado-02.md;1435b5c3935026dc7fb621db9350536956dc12ebff4a02444fab3b87d9f68347;detectada;cadencia.fragmento de ênfase (Regra 4 ≤1–2);3;Ele contou.;legitima;SUBSTITUIR POR JUSTIFICATIVA HUMANA ESPECÍFICA
romantasy-aprovado-02;romantasy;calibracao;aprovada;samples/romantasy/aprovado-02.md;1435b5c3935026dc7fb621db9350536956dc12ebff4a02444fab3b87d9f68347;detectada;cadencia.fragmento de ênfase (Regra 4 ≤1–2);4;Não precisou.;legitima;SUBSTITUIR POR JUSTIFICATIVA HUMANA ESPECÍFICA
romantasy-aprovado-02;romantasy;calibracao;aprovada;samples/romantasy/aprovado-02.md;1435b5c3935026dc7fb621db9350536956dc12ebff4a02444fab3b87d9f68347;atestacao;cadencia.fragmento de ênfase (Regra 4 ≤1–2);;;validado;SUBSTITUIR POR ATESTAÇÃO HUMANA DE REVISÃO INTEGRAL DESTE SINAL
romantasy-aprovado-02;romantasy;calibracao;aprovada;samples/romantasy/aprovado-02.md;1435b5c3935026dc7fb621db9350536956dc12ebff4a02444fab3b87d9f68347;atestacao;cadencia.fragmentos de ênfase COLADOS (Regra 4: nunca dois);;;validado;SUBSTITUIR POR ATESTAÇÃO HUMANA DE REVISÃO INTEGRAL DESTE SINAL
romantasy-aprovado-02;romantasy;calibracao;aprovada;samples/romantasy/aprovado-02.md;1435b5c3935026dc7fb621db9350536956dc12ebff4a02444fab3b87d9f68347;detectada;cadencia.pensamento em itálico (Regra 4 ≤2–3);1;Está morrendo. Está tudo morrendo, e eles varrem a prova das escadas.;legitima;SUBSTITUIR POR JUSTIFICATIVA HUMANA ESPECÍFICA
romantasy-aprovado-02;romantasy;calibracao;aprovada;samples/romantasy/aprovado-02.md;1435b5c3935026dc7fb621db9350536956dc12ebff4a02444fab3b87d9f68347;detectada;cadencia.pensamento em itálico (Regra 4 ≤2–3);2;Saura;legitima;SUBSTITUIR POR JUSTIFICATIVA HUMANA ESPECÍFICA
romantasy-aprovado-02;romantasy;calibracao;aprovada;samples/romantasy/aprovado-02.md;1435b5c3935026dc7fb621db9350536956dc12ebff4a02444fab3b87d9f68347;detectada;cadencia.pensamento em itálico (Regra 4 ≤2–3);3;volta pra cama, seu teimoso;legitima;SUBSTITUIR POR JUSTIFICATIVA HUMANA ESPECÍFICA
romantasy-aprovado-02;romantasy;calibracao;aprovada;samples/romantasy/aprovado-02.md;1435b5c3935026dc7fb621db9350536956dc12ebff4a02444fab3b87d9f68347;atestacao;cadencia.pensamento em itálico (Regra 4 ≤2–3);;;validado;SUBSTITUIR POR ATESTAÇÃO HUMANA DE REVISÃO INTEGRAL DESTE SINAL
romantasy-aprovado-02;romantasy;calibracao;aprovada;samples/romantasy/aprovado-02.md;1435b5c3935026dc7fb621db9350536956dc12ebff4a02444fab3b87d9f68347;atestacao;cadencia.pergunta retórica (Regra 4 ≤1–2);;;validado;SUBSTITUIR POR ATESTAÇÃO HUMANA DE REVISÃO INTEGRAL DESTE SINAL
romantasy-aprovado-03;romantasy;holdout;aprovada;samples/romantasy/aprovado-03.md;be449a5d1281d60e7ed573fc1a8c8472a204c4ec43efdb2f53a50c78a7f7aee2;detectada;gnomico;1;porque estavam respirando a mesma coisa;legitima;SUBSTITUIR POR JUSTIFICATIVA HUMANA ESPECÍFICA
romantasy-aprovado-03;romantasy;holdout;aprovada;samples/romantasy/aprovado-03.md;be449a5d1281d60e7ed573fc1a8c8472a204c4ec43efdb2f53a50c78a7f7aee2;atestacao;gnomico;;;validado;SUBSTITUIR POR ATESTAÇÃO HUMANA DE REVISÃO INTEGRAL DESTE SINAL
romantasy-aprovado-03;romantasy;holdout;aprovada;samples/romantasy/aprovado-03.md;be449a5d1281d60e7ed573fc1a8c8472a204c4ec43efdb2f53a50c78a7f7aee2;detectada;personificacao;1;A maré tinha levado dele exatamente a memória que ele estava segurando.;legitima;SUBSTITUIR POR JUSTIFICATIVA HUMANA ESPECÍFICA
romantasy-aprovado-03;romantasy;holdout;aprovada;samples/romantasy/aprovado-03.md;be449a5d1281d60e7ed573fc1a8c8472a204c4ec43efdb2f53a50c78a7f7aee2;atestacao;personificacao;;;validado;SUBSTITUIR POR ATESTAÇÃO HUMANA DE REVISÃO INTEGRAL DESTE SINAL
romantasy-aprovado-03;romantasy;holdout;aprovada;samples/romantasy/aprovado-03.md;be449a5d1281d60e7ed573fc1a8c8472a204c4ec43efdb2f53a50c78a7f7aee2;detectada;sanfona;1;"A parede branca não era névoa; era cinza viva, o Fôlego solto de todas as flores mortas de uma vez, e onde pas";legitima;SUBSTITUIR POR JUSTIFICATIVA HUMANA ESPECÍFICA
romantasy-aprovado-03;romantasy;holdout;aprovada;samples/romantasy/aprovado-03.md;be449a5d1281d60e7ed573fc1a8c8472a204c4ec43efdb2f53a50c78a7f7aee2;detectada;sanfona;2;O Fôlego abriu nos dois ao mesmo tempo, e foi diferente de tudo que Isaura já sentira — não a segunda garganta;legitima;SUBSTITUIR POR JUSTIFICATIVA HUMANA ESPECÍFICA
romantasy-aprovado-03;romantasy;holdout;aprovada;samples/romantasy/aprovado-03.md;be449a5d1281d60e7ed573fc1a8c8472a204c4ec43efdb2f53a50c78a7f7aee2;detectada;sanfona;3;Isaura ficou ajoelhada no telhado, com a mão dele esfriando na dela, e entendeu que acabara de ser salva por u;legitima;SUBSTITUIR POR JUSTIFICATIVA HUMANA ESPECÍFICA
romantasy-aprovado-03;romantasy;holdout;aprovada;samples/romantasy/aprovado-03.md;be449a5d1281d60e7ed573fc1a8c8472a204c4ec43efdb2f53a50c78a7f7aee2;atestacao;sanfona;;;validado;SUBSTITUIR POR ATESTAÇÃO HUMANA DE REVISÃO INTEGRAL DESTE SINAL
romantasy-aprovado-03;romantasy;holdout;aprovada;samples/romantasy/aprovado-03.md;be449a5d1281d60e7ed573fc1a8c8472a204c4ec43efdb2f53a50c78a7f7aee2;atestacao;metafora_elaborada;;;validado;SUBSTITUIR POR ATESTAÇÃO HUMANA DE REVISÃO INTEGRAL DESTE SINAL
romantasy-aprovado-03;romantasy;holdout;aprovada;samples/romantasy/aprovado-03.md;be449a5d1281d60e7ed573fc1a8c8472a204c4ec43efdb2f53a50c78a7f7aee2;detectada;cadencia.fragmentos colados (≤4 palavras);1;A cinza cobrou. E cobrou dele.;legitima;SUBSTITUIR POR JUSTIFICATIVA HUMANA ESPECÍFICA
romantasy-aprovado-03;romantasy;holdout;aprovada;samples/romantasy/aprovado-03.md;be449a5d1281d60e7ed573fc1a8c8472a204c4ec43efdb2f53a50c78a7f7aee2;atestacao;cadencia.fragmentos colados (≤4 palavras);;;validado;SUBSTITUIR POR ATESTAÇÃO HUMANA DE REVISÃO INTEGRAL DESTE SINAL
romantasy-aprovado-03;romantasy;holdout;aprovada;samples/romantasy/aprovado-03.md;be449a5d1281d60e7ed573fc1a8c8472a204c4ec43efdb2f53a50c78a7f7aee2;atestacao;cadencia.staccato (frases curtas);;;validado;SUBSTITUIR POR ATESTAÇÃO HUMANA DE REVISÃO INTEGRAL DESTE SINAL
romantasy-aprovado-03;romantasy;holdout;aprovada;samples/romantasy/aprovado-03.md;be449a5d1281d60e7ed573fc1a8c8472a204c4ec43efdb2f53a50c78a7f7aee2;atestacao;cadencia.clipe de negação curto;;;validado;SUBSTITUIR POR ATESTAÇÃO HUMANA DE REVISÃO INTEGRAL DESTE SINAL
romantasy-aprovado-03;romantasy;holdout;aprovada;samples/romantasy/aprovado-03.md;be449a5d1281d60e7ed573fc1a8c8472a204c4ec43efdb2f53a50c78a7f7aee2;atestacao;cadencia.anáfora (frases coladas, mesmo início);;;validado;SUBSTITUIR POR ATESTAÇÃO HUMANA DE REVISÃO INTEGRAL DESTE SINAL
romantasy-aprovado-03;romantasy;holdout;aprovada;samples/romantasy/aprovado-03.md;be449a5d1281d60e7ed573fc1a8c8472a204c4ec43efdb2f53a50c78a7f7aee2;atestacao;cadencia.epigrama antitético;;;validado;SUBSTITUIR POR ATESTAÇÃO HUMANA DE REVISÃO INTEGRAL DESTE SINAL
romantasy-aprovado-03;romantasy;holdout;aprovada;samples/romantasy/aprovado-03.md;be449a5d1281d60e7ed573fc1a8c8472a204c4ec43efdb2f53a50c78a7f7aee2;detectada;cadencia.fragmento de ênfase (Regra 4 ≤1–2);1;Ele cambaleou.;legitima;SUBSTITUIR POR JUSTIFICATIVA HUMANA ESPECÍFICA
romantasy-aprovado-03;romantasy;holdout;aprovada;samples/romantasy/aprovado-03.md;be449a5d1281d60e7ed573fc1a8c8472a204c4ec43efdb2f53a50c78a7f7aee2;detectada;cadencia.fragmento de ênfase (Regra 4 ≤1–2);2;Ela.;legitima;SUBSTITUIR POR JUSTIFICATIVA HUMANA ESPECÍFICA
romantasy-aprovado-03;romantasy;holdout;aprovada;samples/romantasy/aprovado-03.md;be449a5d1281d60e7ed573fc1a8c8472a204c4ec43efdb2f53a50c78a7f7aee2;atestacao;cadencia.fragmento de ênfase (Regra 4 ≤1–2);;;validado;SUBSTITUIR POR ATESTAÇÃO HUMANA DE REVISÃO INTEGRAL DESTE SINAL
romantasy-aprovado-03;romantasy;holdout;aprovada;samples/romantasy/aprovado-03.md;be449a5d1281d60e7ed573fc1a8c8472a204c4ec43efdb2f53a50c78a7f7aee2;atestacao;cadencia.fragmentos de ênfase COLADOS (Regra 4: nunca dois);;;validado;SUBSTITUIR POR ATESTAÇÃO HUMANA DE REVISÃO INTEGRAL DESTE SINAL
romantasy-aprovado-03;romantasy;holdout;aprovada;samples/romantasy/aprovado-03.md;be449a5d1281d60e7ed573fc1a8c8472a204c4ec43efdb2f53a50c78a7f7aee2;detectada;cadencia.pensamento em itálico (Regra 4 ≤2–3);1;Teo, Teo, é pelo Teo;legitima;SUBSTITUIR POR JUSTIFICATIVA HUMANA ESPECÍFICA
romantasy-aprovado-03;romantasy;holdout;aprovada;samples/romantasy/aprovado-03.md;be449a5d1281d60e7ed573fc1a8c8472a204c4ec43efdb2f53a50c78a7f7aee2;atestacao;cadencia.pensamento em itálico (Regra 4 ≤2–3);;;validado;SUBSTITUIR POR ATESTAÇÃO HUMANA DE REVISÃO INTEGRAL DESTE SINAL
romantasy-aprovado-03;romantasy;holdout;aprovada;samples/romantasy/aprovado-03.md;be449a5d1281d60e7ed573fc1a8c8472a204c4ec43efdb2f53a50c78a7f7aee2;detectada;cadencia.pergunta retórica (Regra 4 ≤1–2);1;Lá em cima, minúscula, uma janela se abriu e a cabeça de Teo apareceu, viva, confusa, chamando: — Saura?;legitima;SUBSTITUIR POR JUSTIFICATIVA HUMANA ESPECÍFICA
romantasy-aprovado-03;romantasy;holdout;aprovada;samples/romantasy/aprovado-03.md;be449a5d1281d60e7ed573fc1a8c8472a204c4ec43efdb2f53a50c78a7f7aee2;atestacao;cadencia.pergunta retórica (Regra 4 ≤1–2);;;validado;SUBSTITUIR POR ATESTAÇÃO HUMANA DE REVISÃO INTEGRAL DESTE SINAL
romantasy-contraste-01;romantasy;holdout;contraste;samples/romantasy/contraste-01.md;28e9537613cb2e65ec306b8eef4453c2fe3b2c33f9b84404b3e20f0d4ac7b78b;detectada;gnomico;1;porque significava que ele não precisava de nenhuma ali;legitima;SUBSTITUIR POR JUSTIFICATIVA HUMANA ESPECÍFICA
romantasy-contraste-01;romantasy;holdout;contraste;samples/romantasy/contraste-01.md;28e9537613cb2e65ec306b8eef4453c2fe3b2c33f9b84404b3e20f0d4ac7b78b;detectada;gnomico;2;porque ele estava na oficina naquela hora, e por nenhuma outra razão do mundo;legitima;SUBSTITUIR POR JUSTIFICATIVA HUMANA ESPECÍFICA
romantasy-contraste-01;romantasy;holdout;contraste;samples/romantasy/contraste-01.md;28e9537613cb2e65ec306b8eef4453c2fe3b2c33f9b84404b3e20f0d4ac7b78b;detectada;gnomico;3;porque não havia como explicar;legitima;SUBSTITUIR POR JUSTIFICATIVA HUMANA ESPECÍFICA
romantasy-contraste-01;romantasy;holdout;contraste;samples/romantasy/contraste-01.md;28e9537613cb2e65ec306b8eef4453c2fe3b2c33f9b84404b3e20f0d4ac7b78b;atestacao;gnomico;;;validado;SUBSTITUIR POR ATESTAÇÃO HUMANA DE REVISÃO INTEGRAL DESTE SINAL
romantasy-contraste-01;romantasy;holdout;contraste;samples/romantasy/contraste-01.md;28e9537613cb2e65ec306b8eef4453c2fe3b2c33f9b84404b3e20f0d4ac7b78b;atestacao;personificacao;;;validado;SUBSTITUIR POR ATESTAÇÃO HUMANA DE REVISÃO INTEGRAL DESTE SINAL
romantasy-contraste-01;romantasy;holdout;contraste;samples/romantasy/contraste-01.md;28e9537613cb2e65ec306b8eef4453c2fe3b2c33f9b84404b3e20f0d4ac7b78b;detectada;sanfona;1;Ela o vira pela primeira vez à luz do farol, quando dois homens a arrancaram do banco da oficina e o terceiro ;legitima;SUBSTITUIR POR JUSTIFICATIVA HUMANA ESPECÍFICA
romantasy-contraste-01;romantasy;holdout;contraste;samples/romantasy/contraste-01.md;28e9537613cb2e65ec306b8eef4453c2fe3b2c33f9b84404b3e20f0d4ac7b78b;detectada;sanfona;2;E do outro lado da laguna interior de Cerro Preto havia um ancoradouro de águas rasas que quatro famílias de V;legitima;SUBSTITUIR POR JUSTIFICATIVA HUMANA ESPECÍFICA
romantasy-contraste-01;romantasy;holdout;contraste;samples/romantasy/contraste-01.md;28e9537613cb2e65ec306b8eef4453c2fe3b2c33f9b84404b3e20f0d4ac7b78b;detectada;sanfona;3;Foi um erro elegante: cinquenta e cinco minutos tarde demais para o ancoradouro do sul ainda estar coberto de ;legitima;SUBSTITUIR POR JUSTIFICATIVA HUMANA ESPECÍFICA
romantasy-contraste-01;romantasy;holdout;contraste;samples/romantasy/contraste-01.md;28e9537613cb2e65ec306b8eef4453c2fe3b2c33f9b84404b3e20f0d4ac7b78b;detectada;sanfona;4;A água que estava de um jeito passa a estar de outro — não muito, nunca muito, só o suficiente para que uma qu;legitima;SUBSTITUIR POR JUSTIFICATIVA HUMANA ESPECÍFICA
romantasy-contraste-01;romantasy;holdout;contraste;samples/romantasy/contraste-01.md;28e9537613cb2e65ec306b8eef4453c2fe3b2c33f9b84404b3e20f0d4ac7b78b;detectada;sanfona;5;Depois o frio — não frio de ar, frio de dentro do osso, subindo do pulso ao cotovelo ao ombro, uma corrente qu;legitima;SUBSTITUIR POR JUSTIFICATIVA HUMANA ESPECÍFICA
romantasy-contraste-01;romantasy;holdout;contraste;samples/romantasy/contraste-01.md;28e9537613cb2e65ec306b8eef4453c2fe3b2c33f9b84404b3e20f0d4ac7b78b;detectada;sanfona;6;A oficina do pai, a bancada, a régua de latão, e a mão dele por cima da dela guiando a primeira linha de sonda;legitima;SUBSTITUIR POR JUSTIFICATIVA HUMANA ESPECÍFICA
romantasy-contraste-01;romantasy;holdout;contraste;samples/romantasy/contraste-01.md;28e9537613cb2e65ec306b8eef4453c2fe3b2c33f9b84404b3e20f0d4ac7b78b;detectada;sanfona;7;Tentou de novo, com método, do jeito que se refaz um levantamento perdido: pela borda, entrando de fora para d;legitima;SUBSTITUIR POR JUSTIFICATIVA HUMANA ESPECÍFICA
romantasy-contraste-01;romantasy;holdout;contraste;samples/romantasy/contraste-01.md;28e9537613cb2e65ec306b8eef4453c2fe3b2c33f9b84404b3e20f0d4ac7b78b;detectada;sanfona;8;Ele tinha visto três minutos antes dela, do lado de fora, no rosto dela, enquanto ela ainda estava ocupada em ;legitima;SUBSTITUIR POR JUSTIFICATIVA HUMANA ESPECÍFICA
romantasy-contraste-01;romantasy;holdout;contraste;samples/romantasy/contraste-01.md;28e9537613cb2e65ec306b8eef4453c2fe3b2c33f9b84404b3e20f0d4ac7b78b;detectada;sanfona;9;O convés voltou a existir aos poucos: o rangido do cordame, o rapaz de dezessete anos mudando o peso de um pé ;legitima;SUBSTITUIR POR JUSTIFICATIVA HUMANA ESPECÍFICA
romantasy-contraste-01;romantasy;holdout;contraste;samples/romantasy/contraste-01.md;28e9537613cb2e65ec306b8eef4453c2fe3b2c33f9b84404b3e20f0d4ac7b78b;atestacao;sanfona;;;validado;SUBSTITUIR POR ATESTAÇÃO HUMANA DE REVISÃO INTEGRAL DESTE SINAL
romantasy-contraste-01;romantasy;holdout;contraste;samples/romantasy/contraste-01.md;28e9537613cb2e65ec306b8eef4453c2fe3b2c33f9b84404b3e20f0d4ac7b78b;detectada;metafora_elaborada;1;como quem entra numa loja e avalia a mercadoria antes de perguntar o preço. Não;legitima;SUBSTITUIR POR JUSTIFICATIVA HUMANA ESPECÍFICA
romantasy-contraste-01;romantasy;holdout;contraste;samples/romantasy/contraste-01.md;28e9537613cb2e65ec306b8eef4453c2fe3b2c33f9b84404b3e20f0d4ac7b78b;detectada;metafora_elaborada;2;como um rio mal desenhado. Camisa aberta no colarinho. Nenhuma arma à vista, o q;legitima;SUBSTITUIR POR JUSTIFICATIVA HUMANA ESPECÍFICA
romantasy-contraste-01;romantasy;holdout;contraste;samples/romantasy/contraste-01.md;28e9537613cb2e65ec306b8eef4453c2fe3b2c33f9b84404b3e20f0d4ac7b78b;detectada;metafora_elaborada;3;como se fosse um dedo apoiado ali. — Você desenha com a mão esquerda — disse el;legitima;SUBSTITUIR POR JUSTIFICATIVA HUMANA ESPECÍFICA
romantasy-contraste-01;romantasy;holdout;contraste;samples/romantasy/contraste-01.md;28e9537613cb2e65ec306b8eef4453c2fe3b2c33f9b84404b3e20f0d4ac7b78b;detectada;metafora_elaborada;4;como se a água entrasse limpa. Não entra. Mar olhou para a carta e depois para;legitima;SUBSTITUIR POR JUSTIFICATIVA HUMANA ESPECÍFICA
romantasy-contraste-01;romantasy;holdout;contraste;samples/romantasy/contraste-01.md;28e9537613cb2e65ec306b8eef4453c2fe3b2c33f9b84404b3e20f0d4ac7b78b;detectada;metafora_elaborada;5;como um capitão conhece — como um homem que passou três noites parado na boca de;legitima;SUBSTITUIR POR JUSTIFICATIVA HUMANA ESPECÍFICA
romantasy-contraste-01;romantasy;holdout;contraste;samples/romantasy/contraste-01.md;28e9537613cb2e65ec306b8eef4453c2fe3b2c33f9b84404b3e20f0d4ac7b78b;detectada;metafora_elaborada;6;como um homem que passou três noites parado na boca de uma passagem contando os;legitima;SUBSTITUIR POR JUSTIFICATIVA HUMANA ESPECÍFICA
romantasy-contraste-01;romantasy;holdout;contraste;samples/romantasy/contraste-01.md;28e9537613cb2e65ec306b8eef4453c2fe3b2c33f9b84404b3e20f0d4ac7b78b;detectada;metafora_elaborada;7;feito isso na frente de ninguém. — Vou precisar de silêncio — disse. Ren fez u;legitima;SUBSTITUIR POR JUSTIFICATIVA HUMANA ESPECÍFICA
romantasy-contraste-01;romantasy;holdout;contraste;samples/romantasy/contraste-01.md;28e9537613cb2e65ec306b8eef4453c2fe3b2c33f9b84404b3e20f0d4ac7b78b;detectada;metafora_elaborada;8;como se tivesse nadado nela. A janela real se escreveu sozinha ao lado, hora a h;legitima;SUBSTITUIR POR JUSTIFICATIVA HUMANA ESPECÍFICA
romantasy-contraste-01;romantasy;holdout;contraste;samples/romantasy/contraste-01.md;28e9537613cb2e65ec306b8eef4453c2fe3b2c33f9b84404b3e20f0d4ac7b78b;detectada;metafora_elaborada;9;como quem olha para uma casa e percebe que uma janela que existia ontem foi tapa;legitima;SUBSTITUIR POR JUSTIFICATIVA HUMANA ESPECÍFICA
romantasy-contraste-01;romantasy;holdout;contraste;samples/romantasy/contraste-01.md;28e9537613cb2e65ec306b8eef4453c2fe3b2c33f9b84404b3e20f0d4ac7b78b;detectada;metafora_elaborada;10;como quem tateia uma parede procurando a porta que ele mesmo atravessou de manhã;legitima;SUBSTITUIR POR JUSTIFICATIVA HUMANA ESPECÍFICA
romantasy-contraste-01;romantasy;holdout;contraste;samples/romantasy/contraste-01.md;28e9537613cb2e65ec306b8eef4453c2fe3b2c33f9b84404b3e20f0d4ac7b78b;detectada;metafora_elaborada;11;como quem confere se o coração está no lugar certo. — Refém a gente troca. Você;legitima;SUBSTITUIR POR JUSTIFICATIVA HUMANA ESPECÍFICA
romantasy-contraste-01;romantasy;holdout;contraste;samples/romantasy/contraste-01.md;28e9537613cb2e65ec306b8eef4453c2fe3b2c33f9b84404b3e20f0d4ac7b78b;detectada;metafora_elaborada;12;como se fosse um número numa tabela — foi só um rosto, e ela ainda sabia o nome,;legitima;SUBSTITUIR POR JUSTIFICATIVA HUMANA ESPECÍFICA
romantasy-contraste-01;romantasy;holdout;contraste;samples/romantasy/contraste-01.md;28e9537613cb2e65ec306b8eef4453c2fe3b2c33f9b84404b3e20f0d4ac7b78b;atestacao;metafora_elaborada;;;validado;SUBSTITUIR POR ATESTAÇÃO HUMANA DE REVISÃO INTEGRAL DESTE SINAL
romantasy-contraste-01;romantasy;holdout;contraste;samples/romantasy/contraste-01.md;28e9537613cb2e65ec306b8eef4453c2fe3b2c33f9b84404b3e20f0d4ac7b78b;detectada;cadencia.fragmentos colados (≤4 palavras);1;O rosto não estava. Mar ficou muito quieta.;legitima;SUBSTITUIR POR JUSTIFICATIVA HUMANA ESPECÍFICA
romantasy-contraste-01;romantasy;holdout;contraste;samples/romantasy/contraste-01.md;28e9537613cb2e65ec306b8eef4453c2fe3b2c33f9b84404b3e20f0d4ac7b78b;atestacao;cadencia.fragmentos colados (≤4 palavras);;;validado;SUBSTITUIR POR ATESTAÇÃO HUMANA DE REVISÃO INTEGRAL DESTE SINAL
romantasy-contraste-01;romantasy;holdout;contraste;samples/romantasy/contraste-01.md;28e9537613cb2e65ec306b8eef4453c2fe3b2c33f9b84404b3e20f0d4ac7b78b;atestacao;cadencia.staccato (frases curtas);;;validado;SUBSTITUIR POR ATESTAÇÃO HUMANA DE REVISÃO INTEGRAL DESTE SINAL
romantasy-contraste-01;romantasy;holdout;contraste;samples/romantasy/contraste-01.md;28e9537613cb2e65ec306b8eef4453c2fe3b2c33f9b84404b3e20f0d4ac7b78b;detectada;cadencia.clipe de negação curto;1;Não havia porta.;legitima;SUBSTITUIR POR JUSTIFICATIVA HUMANA ESPECÍFICA
romantasy-contraste-01;romantasy;holdout;contraste;samples/romantasy/contraste-01.md;28e9537613cb2e65ec306b8eef4453c2fe3b2c33f9b84404b3e20f0d4ac7b78b;atestacao;cadencia.clipe de negação curto;;;validado;SUBSTITUIR POR ATESTAÇÃO HUMANA DE REVISÃO INTEGRAL DESTE SINAL
romantasy-contraste-01;romantasy;holdout;contraste;samples/romantasy/contraste-01.md;28e9537613cb2e65ec306b8eef4453c2fe3b2c33f9b84404b3e20f0d4ac7b78b;detectada;cadencia.anáfora (frases coladas, mesmo início);1;Um homem inteiro dá para quebrar. / Um homem quebrado não serve para pressionar mais nada.;legitima;SUBSTITUIR POR JUSTIFICATIVA HUMANA ESPECÍFICA
romantasy-contraste-01;romantasy;holdout;contraste;samples/romantasy/contraste-01.md;28e9537613cb2e65ec306b8eef4453c2fe3b2c33f9b84404b3e20f0d4ac7b78b;detectada;cadencia.anáfora (frases coladas, mesmo início);2;Marcou as sondagens em braças. / Marcou o banco de areia que migra oito metros por estação e desenhou-o na pos;legitima;SUBSTITUIR POR JUSTIFICATIVA HUMANA ESPECÍFICA
romantasy-contraste-01;romantasy;holdout;contraste;samples/romantasy/contraste-01.md;28e9537613cb2e65ec306b8eef4453c2fe3b2c33f9b84404b3e20f0d4ac7b78b;detectada;cadencia.anáfora (frases coladas, mesmo início);3;Um capitão com a linha e sem o relógio entra em Cerro Preto e encalha no dente de rocha com o casco aberto de ;legitima;SUBSTITUIR POR JUSTIFICATIVA HUMANA ESPECÍFICA
romantasy-contraste-01;romantasy;holdout;contraste;samples/romantasy/contraste-01.md;28e9537613cb2e65ec306b8eef4453c2fe3b2c33f9b84404b3e20f0d4ac7b78b;detectada;cadencia.anáfora (frases coladas, mesmo início);4;A menos que a rota não fosse desenhada. / A menos que fosse escrita.;legitima;SUBSTITUIR POR JUSTIFICATIVA HUMANA ESPECÍFICA
romantasy-contraste-01;romantasy;holdout;contraste;samples/romantasy/contraste-01.md;28e9537613cb2e65ec306b8eef4453c2fe3b2c33f9b84404b3e20f0d4ac7b78b;detectada;cadencia.anáfora (frases coladas, mesmo início);5;Você não desenha a rota. / Você a coloca.;legitima;SUBSTITUIR POR JUSTIFICATIVA HUMANA ESPECÍFICA
romantasy-contraste-01;romantasy;holdout;contraste;samples/romantasy/contraste-01.md;28e9537613cb2e65ec306b8eef4453c2fe3b2c33f9b84404b3e20f0d4ac7b78b;detectada;cadencia.anáfora (frases coladas, mesmo início);6;Sabia o nome, sabia que ele morrera de febre no inverno em que ela fez vinte e três, sabia que a régua era del;legitima;SUBSTITUIR POR JUSTIFICATIVA HUMANA ESPECÍFICA
romantasy-contraste-01;romantasy;holdout;contraste;samples/romantasy/contraste-01.md;28e9537613cb2e65ec306b8eef4453c2fe3b2c33f9b84404b3e20f0d4ac7b78b;detectada;cadencia.anáfora (frases coladas, mesmo início);7;Ele tinha visto três minutos antes dela, do lado de fora, no rosto dela, enquanto ela ainda estava ocupada em ;legitima;SUBSTITUIR POR JUSTIFICATIVA HUMANA ESPECÍFICA
romantasy-contraste-01;romantasy;holdout;contraste;samples/romantasy/contraste-01.md;28e9537613cb2e65ec306b8eef4453c2fe3b2c33f9b84404b3e20f0d4ac7b78b;atestacao;cadencia.anáfora (frases coladas, mesmo início);;;validado;SUBSTITUIR POR ATESTAÇÃO HUMANA DE REVISÃO INTEGRAL DESTE SINAL
romantasy-contraste-01;romantasy;holdout;contraste;samples/romantasy/contraste-01.md;28e9537613cb2e65ec306b8eef4453c2fe3b2c33f9b84404b3e20f0d4ac7b78b;atestacao;cadencia.epigrama antitético;;;validado;SUBSTITUIR POR ATESTAÇÃO HUMANA DE REVISÃO INTEGRAL DESTE SINAL
romantasy-contraste-01;romantasy;holdout;contraste;samples/romantasy/contraste-01.md;28e9537613cb2e65ec306b8eef4453c2fe3b2c33f9b84404b3e20f0d4ac7b78b;detectada;cadencia.fragmento de ênfase (Regra 4 ≤1–2);1;Ela seguiu.;legitima;SUBSTITUIR POR JUSTIFICATIVA HUMANA ESPECÍFICA
romantasy-contraste-01;romantasy;holdout;contraste;samples/romantasy/contraste-01.md;28e9537613cb2e65ec306b8eef4453c2fe3b2c33f9b84404b3e20f0d4ac7b78b;detectada;cadencia.fragmento de ênfase (Regra 4 ≤1–2);2;Ren demorou.;legitima;SUBSTITUIR POR JUSTIFICATIVA HUMANA ESPECÍFICA
romantasy-contraste-01;romantasy;holdout;contraste;samples/romantasy/contraste-01.md;28e9537613cb2e65ec306b8eef4453c2fe3b2c33f9b84404b3e20f0d4ac7b78b;detectada;cadencia.fragmento de ênfase (Regra 4 ≤1–2);3;O pai.;legitima;SUBSTITUIR POR JUSTIFICATIVA HUMANA ESPECÍFICA
romantasy-contraste-01;romantasy;holdout;contraste;samples/romantasy/contraste-01.md;28e9537613cb2e65ec306b8eef4453c2fe3b2c33f9b84404b3e20f0d4ac7b78b;detectada;cadencia.fragmento de ênfase (Regra 4 ≤1–2);4;Não havia porta.;legitima;SUBSTITUIR POR JUSTIFICATIVA HUMANA ESPECÍFICA
romantasy-contraste-01;romantasy;holdout;contraste;samples/romantasy/contraste-01.md;28e9537613cb2e65ec306b8eef4453c2fe3b2c33f9b84404b3e20f0d4ac7b78b;detectada;cadencia.fragmento de ênfase (Regra 4 ≤1–2);5;Parou.;legitima;SUBSTITUIR POR JUSTIFICATIVA HUMANA ESPECÍFICA
romantasy-contraste-01;romantasy;holdout;contraste;samples/romantasy/contraste-01.md;28e9537613cb2e65ec306b8eef4453c2fe3b2c33f9b84404b3e20f0d4ac7b78b;atestacao;cadencia.fragmento de ênfase (Regra 4 ≤1–2);;;validado;SUBSTITUIR POR ATESTAÇÃO HUMANA DE REVISÃO INTEGRAL DESTE SINAL
romantasy-contraste-01;romantasy;holdout;contraste;samples/romantasy/contraste-01.md;28e9537613cb2e65ec306b8eef4453c2fe3b2c33f9b84404b3e20f0d4ac7b78b;atestacao;cadencia.fragmentos de ênfase COLADOS (Regra 4: nunca dois);;;validado;SUBSTITUIR POR ATESTAÇÃO HUMANA DE REVISÃO INTEGRAL DESTE SINAL
romantasy-contraste-01;romantasy;holdout;contraste;samples/romantasy/contraste-01.md;28e9537613cb2e65ec306b8eef4453c2fe3b2c33f9b84404b3e20f0d4ac7b78b;detectada;cadencia.pensamento em itálico (Regra 4 ≤2–3);1;e;legitima;SUBSTITUIR POR JUSTIFICATIVA HUMANA ESPECÍFICA
romantasy-contraste-01;romantasy;holdout;contraste;samples/romantasy/contraste-01.md;28e9537613cb2e65ec306b8eef4453c2fe3b2c33f9b84404b3e20f0d4ac7b78b;detectada;cadencia.pensamento em itálico (Regra 4 ≤2–3);2;não;legitima;SUBSTITUIR POR JUSTIFICATIVA HUMANA ESPECÍFICA
romantasy-contraste-01;romantasy;holdout;contraste;samples/romantasy/contraste-01.md;28e9537613cb2e65ec306b8eef4453c2fe3b2c33f9b84404b3e20f0d4ac7b78b;detectada;cadencia.pensamento em itálico (Regra 4 ≤2–3);3;devagar, a costa não vai a lugar nenhum;legitima;SUBSTITUIR POR JUSTIFICATIVA HUMANA ESPECÍFICA
romantasy-contraste-01;romantasy;holdout;contraste;samples/romantasy/contraste-01.md;28e9537613cb2e65ec306b8eef4453c2fe3b2c33f9b84404b3e20f0d4ac7b78b;detectada;cadencia.pensamento em itálico (Regra 4 ≤2–3);4;sobre;legitima;SUBSTITUIR POR JUSTIFICATIVA HUMANA ESPECÍFICA
romantasy-contraste-01;romantasy;holdout;contraste;samples/romantasy/contraste-01.md;28e9537613cb2e65ec306b8eef4453c2fe3b2c33f9b84404b3e20f0d4ac7b78b;detectada;cadencia.pensamento em itálico (Regra 4 ≤2–3);5;foi só um rosto;legitima;SUBSTITUIR POR JUSTIFICATIVA HUMANA ESPECÍFICA
romantasy-contraste-01;romantasy;holdout;contraste;samples/romantasy/contraste-01.md;28e9537613cb2e65ec306b8eef4453c2fe3b2c33f9b84404b3e20f0d4ac7b78b;detectada;cadencia.pensamento em itálico (Regra 4 ≤2–3);6;fim;legitima;SUBSTITUIR POR JUSTIFICATIVA HUMANA ESPECÍFICA
romantasy-contraste-01;romantasy;holdout;contraste;samples/romantasy/contraste-01.md;28e9537613cb2e65ec306b8eef4453c2fe3b2c33f9b84404b3e20f0d4ac7b78b;atestacao;cadencia.pensamento em itálico (Regra 4 ≤2–3);;;validado;SUBSTITUIR POR ATESTAÇÃO HUMANA DE REVISÃO INTEGRAL DESTE SINAL
romantasy-contraste-01;romantasy;holdout;contraste;samples/romantasy/contraste-01.md;28e9537613cb2e65ec306b8eef4453c2fe3b2c33f9b84404b3e20f0d4ac7b78b;atestacao;cadencia.pergunta retórica (Regra 4 ≤1–2);;;validado;SUBSTITUIR POR ATESTAÇÃO HUMANA DE REVISÃO INTEGRAL DESTE SINAL
